ra,dec,helio_dist
214.20548762911912,-7.693554172816774,125.48880007398863
209.47090491470638,-19.854476295461183,66.76183011167574
201.4529033601525,-4.323299175828322,128.4031384377492
210.41472720168272,-19.081539814581802,56.88079938453419
199.34448016531528,-8.066348429539179,106.60836955074626
216.64377162853125,-8.128631310479578,57.184200539928575
212.96908808492833,-15.867894622385029,119.97349419417895
213.71968349919325,-13.888761698954356,106.15122049650549
217.633608426536,-10.908217642154405,123.05814197771596
205.67108685932683,-8.806968777297527,138.89987108738288
201.1811141131621,-3.973394129305328,103.57904251083724
213.29584846724543,-14.22735669832648,64.99651667828223
205.82556826103905,-13.616529091688149,102.2067009173713
207.89781136414118,-7.901665331669969,114.0090253091146
206.81675483271144,-18.862373985054063,132.36367757193995
199.7989700124702,-6.844518718417464,109.81608196647322
204.29658033085073,-18.659563585023456,98.89826627401408
200.6997169196211,-11.654734147759644,111.55239688542493
215.25830974368486,-15.999285402563602,134.66711422482533
214.17867836663197,-15.541813954469836,80.1446967846788
209.86443016276885,-17.642805831958725,61.50314981170466
199.21020526179038,-6.516048864557728,115.76757147803
212.62368422969075,-14.195491007621651,138.8253654513088
201.15105826233955,-8.257475702084609,112.38987782042587
211.7367575963191,-1.8494914750422193,134.7488644005609
203.67277350636888,-17.057585439820244,62.39323589859032
207.15533136490527,-18.095562266724887,130.28376721200172
199.4870844951375,-13.180546653839373,114.23317812447894
198.82743988492288,-10.45074532230999,118.18276778442207
209.4987236761527,-16.326909892651333,106.18683924782782
209.83389854266267,-5.398205021975899,106.53478811008192
210.51282718125842,-1.650642049206799,127.84229652393972
211.0008552580343,-7.907225801460378,114.11172287401061
200.77905452885736,-7.2833343324577315,79.8678770859141
213.31373364266202,-9.693749802798006,74.20637714530439
197.99774345423612,-10.223082302862515,119.9430339096853
202.257814841397,-17.30306117255239,140.1038292190895
217.84990666886688,-11.156807104606862,112.99804328421098
213.2721823221223,-16.546477004387235,104.71051608568763
205.6941534183698,-2.083731253838765,98.3855347337729
207.28341114465061,-6.224890090711954,70.23329717954378
211.42013008229807,-1.812111399957031,120.14442860699947
198.26155437468543,-10.049354085064364,112.38250932351136
215.44985687130037,-4.3305838920314255,52.8236631255188
213.41456968859674,-16.4665036534872,99.97882920268675
209.58073262032525,-16.230193799460046,83.4789290049284
207.31086044688817,-18.184366392587684,100.77618632331998
216.423529545329,-11.746214329365095,120.01808845530857
208.16970265804989,-10.079103461111375,41.748351466831245
216.07430661404175,-8.239416450899812,96.38509075621667
209.14600383605844,-19.919024365956837,99.83901365523302
212.5901743983155,-18.33328472334993,125.07163821887282
208.3550409035314,-19.565448796040755,110.11861084045997
206.41303578551708,-18.46700104662744,67.73820031636895
201.1807087723459,-14.22249898523239,112.2373331818461
209.71511821407734,-12.467547019959957,136.4366052533862
204.33379576227557,-18.88373319823325,90.63291732879686
214.77388269961665,-16.27584017610769,91.8277243871391
203.75628589620132,-8.409371977863835,131.44447167247156
200.1894968978014,-9.207508419335317,98.81139664948438
202.62203593044129,-12.964708256330852,66.53282106374508
209.9971003938215,-20.732091341805486,119.86537909428971
203.02685447064482,-3.1298593921792164,120.4868954048153
211.00519267369123,-8.323006447020756,87.17159702991184
209.35784612026296,-11.55001754818263,42.22153116012316
212.28266972681982,-16.787468802470524,102.65796169841539
205.3731913357787,-4.992702745368407,108.94160517109042
216.07921147673227,-17.026535141780485,62.489893315651734
206.10793663502832,-15.406536557067996,110.4704329444954
208.390329089603,-7.1185533574337585,86.25023201233216
201.75935023723343,-17.277953580204453,116.99384693546321
209.5409876995136,-6.390685177496144,72.37798212410982
213.578334384254,-10.870075024624299,57.584982777569444
211.7958674286351,-6.078780928168757,134.81140886303356
204.32459985201513,-4.489810357088035,92.71989991164422
211.22646426889474,-13.421520025036553,143.8841163939436
214.93807441943954,-7.845967021702808,82.6901969060107
204.1020713072364,-6.559957735214385,128.53828552271648
211.41689079376047,-7.479087652199888,116.39295418250188
209.34980553516536,-12.370579492548634,118.1890746102301
209.77669264253848,-4.252857833850119,119.47014488164703
211.15865156953234,-14.419111940851899,32.24319300386517
204.9001265621874,-14.337296236287587,139.06083950753725
209.6564478424979,-1.4884026339475132,104.77602514689548
208.44058296208252,-19.200079069466113,61.612758334209474
206.83127119119027,-18.684992258356097,113.04451693910143
208.17439097988995,-8.509976098429954,63.43362939264211
204.65406871661196,-16.275794978000846,123.65320719547704
201.09867010098526,-8.540108536235147,56.13485193692861
200.92579007981243,-8.19658323752743,75.12585945177867
206.91541564894737,-12.500551808239882,68.78995346806788
198.2565220313649,-12.570869877558232,77.62013294002661
207.5492517696601,-12.936198284860984,58.163857563416975
212.21345975493458,-7.3384797184044315,132.75313234149255
213.09646104259002,-7.231214231162256,46.53854281635459
213.07823682247533,-17.644990323264743,120.95963186756333
215.81153367036973,-16.111867803274254,66.3888951640698
215.66722729150936,-16.64036427172409,60.69959578091489
205.4037837112577,-15.185755398683355,123.04500679132967
214.98067665314792,-5.284232460740952,126.91289374912708
202.1490534750409,-15.381684945337716,139.62641158331422
214.51391317512508,-11.61882283388562,131.50956420613042
201.7211760063924,-14.281322486545713,122.20174348489904
202.4807698612234,-19.391477248215345,101.88823522388324
203.10614436919656,-5.050958622594993,59.472518927639065
212.09639706357288,-11.18624645339011,123.32608679040932
207.54608093146555,-13.612663148333976,103.05152558707226
202.21606150469657,-9.66836529115485,65.28993023022345
206.1879291645376,-10.426911775002813,123.08167471909448
199.1694147847796,-11.799163996074286,59.14119360416421
201.9500985525887,-16.671025306636533,72.92471699434634
212.31924519756566,-15.72225046861576,125.55246475688303
207.66844079323536,-11.287473379589589,94.44589625684692
214.5458090325195,-18.81645466169563,131.80840697133473
198.769583658528,-11.181012269641865,73.38528276509594
209.49473127700364,-11.064530877655278,52.05663013225418
211.7256671056889,-8.599658689936833,54.768171837389154
203.05110504443806,-16.464719373641234,129.22190882068978
203.817307364722,-3.7903640410378827,124.4859247644333
204.32827275974662,-17.10189688552802,77.4522418000342
199.40299572696264,-11.71280717925427,107.63921040982547
203.4034816036212,-3.1673388494260553,101.06730799547502
205.64659168026392,-2.9418403227616547,118.84354841271126
216.78060078680036,-12.335469304872847,135.81935326529097
208.55904931175417,-11.796235337853231,58.384135434535914
210.4154965678971,-18.112556614449016,128.79003841187847
209.3759270174923,-13.543844890004488,119.53786030661816
208.80546254966902,-6.956038397535541,123.21670831941425
201.30977390796755,-7.4776681995804095,135.37538923587564
209.71828092094836,-9.297866431690037,127.8776898478811
215.84511920751132,-15.607565146938937,40.15643802455602
199.10022125805529,-9.674716999660562,105.78057724952725
213.9088572879772,-19.25720536357592,68.30850864286252
205.39746715947447,-17.154497496120573,56.722615790791224
201.77633934863425,-14.98209858768848,90.71636992942787
211.25357833733935,-5.506924081641124,127.59615252949988
203.15461312466098,-9.222461582117765,101.97979220261811
203.88558833568823,-10.521035868884075,78.09671261752096
208.77143163429216,-8.556574233417015,50.70049453592768
208.3129696829773,-10.54954055140508,99.3944429332635
201.55594778743895,-3.9394131442214726,119.4877841421497
212.27582111606677,-4.795251697898094,57.873005777306254
214.10715180175205,-12.16290097713429,56.12201752958274
203.1481054879837,-16.109708518845718,135.2049364900845
201.65286008991018,-10.743251107901122,122.92003682525309
215.04194667363345,-9.077053915339931,138.30427686345976
207.24022599960233,-13.843585461736915,70.18222753703684
211.52362191223884,-10.541533347039923,120.14548057732381
210.91038522205494,-3.192523805153094,73.37159653277442
201.76525594446804,-13.400216618347038,127.71087927571324
215.54652401261652,-10.55264868110547,74.27795572955026
205.7261917552312,-10.933724755736279,67.7295543462958
200.77774936178525,-9.730947007164588,107.77018485809327
211.30926947762708,-10.404455259662162,103.78882758866364
204.9823171851861,-16.04085813000616,93.32057162427327
215.76871593882575,-5.417559861508852,42.75488456264615
209.13182077951825,-15.289331511315618,122.87467579409129
213.9704273265726,-7.893079073308669,50.80446816541532
206.8686851279285,-11.382594856003722,41.79459550058011
209.93178394604914,-6.605167710479329,127.60716971642023
211.04949272935286,-19.94773108743278,42.82351986672945
201.29440111101624,-7.6034673117800695,59.606371422165736
208.4049148468303,-10.378118696911438,120.23269776247803
211.17910238960675,-7.843449879117357,110.40170033176341
208.4755071710196,-10.939752552050537,122.4918233139069
202.29359647069023,-12.391561813560983,55.96693007689863
210.9539808401312,-16.806240316223807,115.35074928164616
200.81511712860333,-12.680261131364984,86.60144304086809
202.14162363086297,-7.043098638719045,58.33003269136839
204.61682579553062,-20.192477061574785,114.62049624682052
199.1971009925785,-9.206028930918709,132.48579150101952
209.3819953195408,-3.0265354295270397,117.1646302090316
209.26098624441397,-18.570589475135357,114.2158235571262
204.68174931285233,-13.548829925415765,38.77195507082202
213.15997995228668,-6.464455358547322,39.709704806170755
201.07876615296246,-4.7833357283000275,37.202207754224354
198.95229131915403,-13.475522779606674,36.12449974558962
206.179409127104,-1.659384411768751,30.255595914412357
215.08545090281388,-6.006339323307991,33.65864990373166
214.51471732755945,-6.5797385361830845,46.1944019229318
205.54053071115933,-12.222157356563622,45.213996317186265
210.18895142327887,-2.8939530625039263,36.36842447415918
206.15875987717172,-12.493102906163953,41.85866719669842
203.04258497900054,-14.03148482212024,45.575615556480734
213.7784382603978,-6.154182475200685,42.035163425871836
203.8883726498134,-10.417328013439533,38.45934739878186
207.82411908877293,-17.05118408854155,39.19281054977315
207.47577708424234,-2.6189993419185704,51.490233331517466
201.8079163173225,-12.354934382873719,39.874107198577214
217.18317959089555,-12.217703464246624,30.902181507891186
208.16832676203308,-13.403017156203166,43.43137022934837
203.14321768637484,-5.63758163185608,40.70972951713573
204.42327860297792,-9.230743393254643,37.06426608667703
204.84015185754419,-18.30208205666743,42.589589250027146
208.9992237885602,-4.903459736524074,34.64409573376784
208.14980998592605,-11.449178249043422,46.07799263310826
207.59511002218304,-17.8742403251441,47.40033399519449
198.7186740427853,-11.400111338220782,38.56119129249376
215.4159421427413,-11.627869188318863,45.64695896704482
210.20530258069826,-15.643276534965915,42.126685117608005
210.19409372366826,-5.724611113640877,37.1821818137612
216.0259874764484,-13.239297447145784,39.3071646908445
210.54365496790805,-17.660850085397918,49.512404977308535
210.17432798820377,-16.938836055966803,39.35542353618036
198.35695840939627,-9.102290496076403,38.23230898409463
199.57722885528685,-11.311148598327676,38.248980260804565
200.5092622627804,-6.543765281419996,37.65877249495648
210.0893108727535,-4.4858664878588135,41.009862934113286
214.06936485066683,-8.921564671518757,42.96569120332907
209.55342641558406,-4.06453793705823,35.567357410329784
198.7685226981718,-11.690014405855994,37.48236968218023
210.77570098096015,-7.2017120396577194,39.59843114333604
210.10623303665903,-10.356540045107964,45.81344567723089
214.93751860063608,-8.19937922211234,38.5064862582821
199.26388642400025,-8.427101212293946,40.461871718593926
209.0506279298589,-9.039537954612777,45.87056338658112
216.31318304560583,-12.549189250550436,40.6168513986566
211.81723677101868,-15.721630549671021,43.35444048063093
205.40369816653973,-12.235426199275064,36.08932063673083
203.8541481710594,-6.491346990480398,37.06675997150289
213.48142377527503,-8.668507828159509,41.848671193955404
201.11343022347654,-15.586603767183455,38.23394604059767
205.85187674246873,-4.609929427543749,42.7626524474193
207.4173255089967,-8.420189804025988,48.47802890474395
199.7769795523589,-5.691327022345882,42.019956044208534
211.6159298486112,-5.134181726023618,44.644339604231725
208.35924161357192,-12.648234886426225,51.42625273870881
205.03716860098865,-9.887590379587769,40.05998312532349
210.80624233084936,-1.8334844970188922,43.549870240501306
201.42009599730684,-13.70095839738402,37.75034792391075
205.22793097802062,-16.539314140745883,34.93871867793169
198.75821936121784,-10.209525646961888,32.02234621693773
208.02350456343024,-6.042010391456645,40.265311155291194
215.5429248407042,-7.832459995742262,43.80198057403041
210.73136733070035,-18.688415176672006,40.779344404314
216.335618640039,-10.905851465769336,46.18985933401551
201.32815831210124,-12.725327056366543,32.37161509073319
200.23793028815606,-16.851280941281022,42.453473255098466
203.77042957755896,-4.391450697758065,37.16459775134131
198.23457693142544,-10.334061037989947,35.977635017907524
200.35961235107717,-12.255928319591847,42.127920270872266
204.83289326984502,-15.200659625735526,44.78731318384092
200.19214238048977,-15.69350489300024,44.56503948159801
207.98391724317204,-4.252604253894667,38.4147092047172
216.83059012413622,-7.307497271735683,39.95293148495899
217.77482844101954,-11.894471430341948,42.094683270174116
208.91860602722667,-6.720988038582394,35.385400154112325
205.3299189676045,-16.216857375827672,34.40633452269277
207.98421072374802,-16.249532006097546,42.75959880666301
203.95056666115593,-12.680100303626354,43.4603458454241
204.82780029633676,-13.367780495260996,45.0230649276469
213.81018125952193,-13.31213761232444,40.18519289845936
204.67649210531596,-8.796153661381664,43.09075449467711
210.36978215759416,-13.559572020504811,37.79168870241161
209.85224256527596,-4.504160848924806,38.493573067897174
212.16353670075182,-11.441473254257398,46.4359871285822
212.46960554059575,-15.514536385412837,39.58699796031497
203.03954232562046,-3.8997444877170566,38.83271909464487
199.1559993265638,-7.2413538799139525,42.872560730621
215.64545133947323,-13.579318181116248,33.90469225715627
205.07587104393477,-18.00704252214311,50.12632570946752
200.04254051566207,-13.068422712250307,43.582247439190745
207.1462484991266,-15.876245170996294,47.666618513947796
203.76408323645288,-12.093457311998334,44.82899204658353
203.33484818551767,-4.386070273554376,45.2220754143351
210.47719616762342,-7.154420946871348,39.1909053285061
215.2224892307621,-3.9930658530390466,41.0017326750141
211.63335423427196,-12.083037708428046,42.76919233249055
198.61360928094462,-12.114527981710987,33.639644931137504
205.59086484489413,-7.052087957317666,37.40079503082212
211.47992576804847,-7.367911270920104,43.25389098769937
208.03054518486067,-15.76340532588406,36.51081456744452
214.98974433890308,-4.476795178506766,50.23601872617571
210.6546630347675,-11.084028099941577,39.48847999658314
205.88609258023618,-13.767275925329391,47.26714055712353
214.39987746550744,-3.472381915317571,36.64683697691873
203.4922561372968,-17.03484522030791,54.55197374338973
218.1230187383858,-11.414020901370039,41.92492828419828
204.77267437122654,-10.935823968160648,36.63944620113649
199.04658910946975,-7.903832141462632,37.76410292599492
200.27792985630037,-9.568711750959393,37.79898398872156
203.01600932754175,-10.838102191245763,43.474320485062414
198.67331559140263,-9.179295240678552,48.10734243316254
211.15251226165648,-6.803920208775541,34.4932205970411
200.76571400378435,-9.732929373594432,39.630698060783736
216.7085290821685,-6.912492393218684,47.317596757686864
210.7736410931994,-3.5930954691758883,41.64553516804334
205.03949864822403,-14.073202016019174,41.38809806080791
204.31642654012492,-6.515756986739469,37.91715648016708
204.765422572586,-16.75808182123004,39.367351766033636
211.2141339228912,-15.513569912802549,34.76641431122793
209.02932297505333,-4.4546268286977195,50.51844830935994
209.24327920034256,-1.6636476153329391,34.41877630207894
200.50145110533754,-4.59118807841752,39.64380724127021
213.38596007678385,-14.405855555274076,38.42498208963661
200.31923064105732,-17.567865330674124,34.25677148889912
204.88734555359574,-17.782222839789778,43.416159596300446
201.4073151607631,-5.1576038836698,44.362657207408986
214.43498207548478,-10.154665495853738,46.04185067694492
206.3407703464307,-9.483994325980424,44.211634865474856
212.8077233041555,-16.576613339987507,39.01083198569953
202.81239222788946,-3.668985212069717,39.76646884846638
205.01225816692119,-8.39532155691215,49.07746205969988
216.79669568149433,-14.215464642403527,44.45520664274534
212.8003220886721,-18.134080242230787,44.33683049446158
214.6897334447057,-9.27813445534489,41.622686103564384
212.607771747258,-12.234627789077187,43.88689568603803
214.1427556025778,-17.410129002609196,47.47225694053822
207.59922124574774,-16.937484227231696,45.190117998476765
212.0551589780746,-7.54971889758321,36.2712726023946
209.68202694192647,-4.630819010903187,37.847277960095475
205.10308694323126,-4.6322189199910015,41.1471217620361
199.151612609649,-15.341168103814072,40.97958029385938
212.66968773631424,-3.566294905048304,39.107497477909405
211.83501218786284,-6.288383065387517,50.98226871320799
212.0453343374248,-19.671785240432857,41.33786892742388
202.307694635841,-11.913180901992424,42.12520505412842
201.66920612093966,-14.877073712896888,38.62490650649474
213.4166691097621,-7.157816918021459,35.81631830891208
212.99385276900867,-19.053460165077407,43.298383151396756
214.30299345617115,-7.292056881282401,46.18828892523345
209.96584615669806,-4.478331814269576,37.539772496668625
199.7573199566128,-12.40249788358463,49.64675428279032
213.20374318786872,-10.363154146494548,45.82779712133532
203.93325151970706,-2.098761120167405,37.88185885614447
210.12795994793862,-18.677637661254284,37.8123955804948
199.59666343616448,-15.674845359757803,41.619476589714054
210.68413672695144,-10.495688905984252,42.38945800805453
206.1327642042697,-13.647658333589542,40.52776771425971
203.81777253097422,-10.64579870727876,47.81701510843371
206.98268250075094,-10.230135327587371,35.991034752303726
213.08936618347238,-17.09178761263976,30.99135186119991
201.34546398621197,-17.402896934685813,43.582898626653275
216.39494443392857,-11.821305179208077,41.44832390108992
215.48597079293577,-7.372058204029053,41.53441449500997
211.46059701400952,-3.1081460158412524,39.63746084238146
202.92758523761137,-4.7831282402397495,42.68385076907593
204.6497734524267,-8.07919397771514,60.38463607496773
211.4221949716796,-13.145400980208278,55.34143509686551
199.60453040472447,-9.869940996022907,47.003383980012565
206.03300975692898,-2.772653939988876,62.02370450875189
204.9115025001367,-15.302681466722767,47.43994318526639
202.28730725316763,-9.782776055343746,69.69590291131024
202.50942943192044,-4.8084348956867355,63.34790947696151
211.71663235559683,-12.299307217746135,73.81474625972858
217.0711295618369,-12.535698777933622,74.41712204530498
204.4051470422074,-16.305215102748566,64.01417391487627
212.45065982043516,-9.259544493231674,36.71292505542728
198.7070245397311,-14.748155889646505,61.472616261120244
206.6744685090858,-1.4126004282471396,70.5755122283114
203.8468189358735,-4.579746022529664,54.255542719766325
206.88074532154752,-19.242433275405798,70.93347190612934
211.25380135248275,-8.935431391778819,60.77982604461046
208.3900215474446,-3.179476590599886,69.25917650274477
210.08505579480044,-2.3869294650317427,81.12789456888446
209.17972071497744,-15.230764120815612,58.63513882556375
211.22893509363718,-6.120391549994026,65.48832349889533
212.43592936266313,-9.557780533893263,73.72038294680486
204.68632803520507,-4.01727809738529,65.0598399653688
201.33155089243695,-10.126537659944912,45.96942946504309
205.26004531807249,-20.02514881827619,56.617383414221294
211.89368992134192,-4.065927088529999,61.95278563394427
209.9206959921359,-11.42600125591778,53.86057505321206
198.3436360164734,-12.002691753903685,71.04929275041849
206.29572126916037,-8.38056463886198,58.26478091738578
215.0356193328349,-4.846098254160282,74.29862680052818
204.28432225722955,-7.551630577140047,68.73406157555901
201.20380866219006,-10.350727359415478,53.01827546849017
199.95418309710652,-14.881348229975199,54.589889027568965
212.90457452840766,-4.068114727857865,59.10484307487265
209.10069900650248,-20.078950534922825,65.05268967483121
211.7023057008175,-19.33168583377068,70.83664897577657
212.33036017166972,-4.534113735755535,45.12688541416396
212.61913808998992,-3.6130829112459995,67.33288019074578
214.43067182431852,-14.46412896860167,72.00764411725903
212.75935269711962,-18.189059665560983,55.35108217543867
203.62486768350308,-16.170401510831386,62.52313307843664
210.07988367147772,-16.6464381465013,55.430233632081595
206.69866620919146,-11.89033380565325,58.43594059637919
216.65917382649488,-15.639671135330659,62.228069411957975
205.1023875602592,-18.42414807160054,66.23300660049141
205.61374910692422,-13.449853016910573,41.63277633380682
207.1444330273669,-4.957420392828067,80.21328000928528
206.03458970740047,-11.95261224157993,76.3106241172403
213.66395151914614,-16.46467347973663,60.45243105122041
213.53983860267545,-15.881781949444802,50.743622649112496
208.11206506706492,-10.489307739179509,74.4609135735183
203.96807015421595,-12.119670593731236,88.79228885141595
213.25041883253013,-2.510017042123224,57.93600206394876
207.08608173267245,-8.774023733787812,63.80606188119707
212.872011429727,-7.081259422074781,67.6554305838501
213.21722926360155,-8.051467737879342,61.022491202337186
211.9537017356937,-7.089703498982189,55.89205977427518
204.6640693382959,-18.181126836260802,68.39683636862017
208.12196618208094,-8.885286476236553,63.834647214364004
203.3554109223238,-6.913981561658447,63.024756369865365
216.89092191288108,-13.771096229764982,56.196363022500364
205.35542498698453,-9.156846646400334,60.14091581238815
206.3600916616203,-12.3813836704932,65.75260265454351
206.08869826957223,-4.018726763055642,79.56443065457552
214.01297334018773,-17.60559465884137,76.93861980039311
210.2515821389029,-19.695196082588907,52.22923861485816
211.72565999680396,-8.792141400778073,62.373472179075726
215.54780359705936,-12.511090539948853,64.56927927549582
213.95889526239182,-17.859102481892318,53.756028249229196
204.36505828451115,-7.897962249744335,45.40531695599795
205.55059483707393,-19.988110919110596,42.40400545938754
211.09483191393977,-11.755770125738655,46.191147705050895
213.1831228493854,-7.4071652963221295,73.65178804920411
202.7025237311534,-3.4427406806625576,57.76984035749751
201.77919079493327,-9.652139016792281,43.99536829866776
205.42236805715666,-18.579523974247873,45.879884069434596
211.8570764292712,-14.24727222480067,56.19822263122235
214.54991682558142,-7.946006504185195,66.07815184447577
204.53340561673747,-15.58693650835553,76.04325385924854
201.5597713168455,-15.058987705813855,56.891342896059626
208.76659015418443,-13.447290545462582,66.40303777072683
205.96634381976716,-1.297839195563268,75.4789441450079
198.28015937267173,-10.914627972783773,72.02263571685805
207.86695289626672,-12.195970469129925,62.11389209297529
214.79950526509026,-8.748725259112344,68.83215800455905
206.04768318682946,-9.425343562848164,70.34434447661033
204.62323360813843,-3.013356955152061,54.16268387205641
203.24288605379192,-15.31050153116567,47.151848511682054
209.39113613988346,-8.479271481454873,56.78603160008855
209.86991247630436,-17.62397549096454,68.72211367402353
215.65823366987473,-7.4417968731718975,76.94799214662554
209.99457639795077,-3.9963092542854888,42.08074201800665
208.65138587178615,-15.397816449423374,64.98104300665622
209.91543207035772,-13.056348158018121,45.65095732171192
212.745848008135,-10.45436928051174,63.210429612110254
215.29234711825552,-5.362833788508926,59.3591013764018
215.23220842971668,-13.743490122828584,47.05072793863736
209.87480798611352,-2.5065316456334275,44.11614481425624
202.5950243318901,-9.618476338244164,60.43964027890883
207.5812065431229,-16.533699377122996,53.263298427115686
216.8504162627163,-15.556880512713741,58.94049301211374
214.74766959012328,-17.436439740799155,43.6150402085508
216.3436515236063,-6.782151363284845,41.06101385534163
209.5725199023591,-14.138459324392914,48.638759359503815
209.1702392816248,-6.226159054824445,53.88978319673728
215.4708373708779,-10.871974144559362,42.781346534368
216.95961422247376,-7.163095789402179,70.75316783012
198.2145574037369,-13.270840384589105,74.9784174255603
200.93629436348988,-12.794117804399644,57.5335418842916
204.14690919507953,-8.967818398165093,81.74396131396338
201.69136194191933,-14.685313519300724,62.22436244526664
205.97276987293438,-2.6289662134344676,73.3092487384347
211.6354565509672,-18.635377027303132,47.465909806322834
214.84138755540164,-4.147132100736006,60.82802340563994
215.91675371775733,-9.38232447676947,50.366965693807735
203.88597758859936,-2.79154679909833,64.49283783343859
202.4337623859269,-10.92943265087989,59.21806316391953
209.35078843981557,-18.060836395117764,55.227671169487806
199.3642689993695,-11.312010019310884,58.37649710961669
212.13704264523525,-5.94343565847096,66.72147958001271
204.8449646584333,-7.205560701997775,65.9648016293236
204.2807799665482,-5.729392892033168,53.148330369197716
201.83744406826114,-7.692466011987661,67.33082308779848
198.43343478140127,-8.073942924048737,63.79014464377454
206.3912447635238,-7.5356336590860185,57.254255961663276
198.98537368577854,-12.597381902426505,72.77368554632598
212.0544963983093,-13.303619100380157,53.93067490153921
208.31188799251737,-1.923546135108024,52.269877807959844
203.23143569247537,-11.059839751409788,65.94586052905126
205.50864345864787,-13.773774153880144,57.43688090274862
205.1231399698803,-10.568655817309029,59.53728616635942
198.9229435069767,-8.316300090364948,50.313771014275105
209.15701349663013,-1.7775145626919642,61.244363713603086
206.52252297164878,-9.948064185966016,79.8269625372224
209.5107738538765,-9.894888111145884,44.47941849064934
214.10713844750015,-15.699578261973137,45.336354899231964
211.8122354116281,-6.718384133837142,62.10268436559418
209.12558157673487,-19.512491457068457,53.096837823513376
217.12902404546756,-6.603673530403038,52.26088517839559
211.5414305381164,-10.454929660386396,76.48132006189816
200.2326668179205,-16.04593409749715,65.95570547349172
216.31120106203772,-13.994897364216754,52.43261506820331
211.73568882836776,-18.717059586557667,74.25908874607187
205.56992392851762,-12.784087680116183,48.88085974530814
201.55301250620946,-4.212724908221859,57.68378184722666
210.40186036660774,-20.643269351477542,53.147779137146784
204.3791816766853,-16.650092023503937,62.72069401354548
214.02737708966112,-9.909221841981106,50.45616574606591
209.89828308662996,-12.912478861938682,66.6795674532435
208.12866722374238,-6.432002350790804,49.511742397790634
207.75006424421676,-13.37023665706891,45.32142573679594
216.2965890787283,-9.527083070908823,61.600092517511975
212.99453059624327,-4.824040689844292,65.8562854875432
210.6953261762064,-16.40839808696131,50.46493468843923
206.67061065993474,-18.087997221837412,53.91074351013846
200.0236245778118,-9.101434530227774,66.72546496846665
206.89283378924625,-9.218489323631163,77.11246304770258
206.62997273313192,-17.65083899674375,77.95839399432039
215.15013316819164,-16.258726959493313,57.23256696128885
209.80412475595767,-14.621362099944333,69.30152702768808
205.32660101399077,-15.666315256069812,67.56903980154313
209.66846673383992,-13.8964748293869,43.25938138908764
208.89373333730495,-5.87028600703147,61.00914289156652
202.79203125786495,-3.525498385673945,61.316029277245555
210.07736103724994,-10.438980226780075,49.30898393349532
204.7012908412736,-15.317834954430484,60.95759983309708
212.4307672608182,-18.393547074283862,69.53716764965135
203.89189314641163,-15.086763097515517,45.96624190250136
209.34091287591522,-6.889782703403902,69.56380987731436
208.45359638689337,-1.6954914112666886,54.61650515835368
211.56805708618595,-5.668636087278034,65.11690290703103
211.41904553630297,-3.7199804645568753,53.778870712145554
204.13007413379023,-9.02098223962862,61.26717402018922
207.6417946854574,-17.36623430977492,65.15153338191354
217.54103880338744,-8.260281074971632,69.23243652062754
199.58911823578308,-14.701630899470459,65.53774038196242
202.59179555561852,-15.617095191089135,38.13065874270106
211.06764909364043,-7.892577435890585,31.632520111387805
205.4663622884106,-5.589197783443024,35.929776123272575
204.7506265286739,-18.411578674439536,38.60104914394196
207.28515996190646,-5.621201987586853,32.969043524253436
209.10667775063146,-7.2275196999403555,35.37248472312328
210.36956039463294,-14.392038499087965,38.355172459357426
205.6453800678537,-5.995782323426556,32.54144897283508
213.96783874855564,-17.60867105703401,32.152934136458015
209.73467248347114,-4.6144064417583595,39.75974479453602
200.394858990452,-7.200283025062194,37.27667468991335
202.47245422694445,-14.528832384678479,33.47329851019299
213.2921980010373,-14.175956824024846,32.49526673907727
207.28300139566497,-6.110173672250496,38.74199461156337
206.6230399077445,-16.967605482071022,37.95990076757841
199.4353767497901,-15.583693373750322,36.879411751911
212.52615575134237,-4.254211202340835,31.72841947169976
207.6427590253319,-10.654325612210842,33.963265582581144
201.15176323681422,-4.2398852763223855,44.36253624114239
208.1572438179577,-18.805498549049034,41.62531947246199
210.1724502763285,-11.255697571162202,44.50204725348819
206.58132118807742,-20.41630374212576,40.53449700677767
199.47682044947177,-11.854311721680592,46.31005421835113
203.15037647862408,-16.997051958465793,41.43390943854982
204.49089590768628,-9.11073940922986,43.239532797516176
198.6074134654704,-12.847518677078524,45.71711033048703
204.31180717871214,-1.7840050682517465,47.71367104782607
211.4255781287613,-19.81039038723787,49.74029379962556
200.07152991622272,-12.880621672809973,43.09781843380373
199.4236445826784,-7.0118787634686575,45.64949976852407
200.08430739230167,-6.200637350207362,47.08144490800539
202.7420012403274,-10.264723001853682,45.67278955691457
208.49467291765254,-8.424965500482434,47.95858758235818
207.6556697551281,-6.062491103110783,45.56309114079645
202.14018713008042,-9.000911874379712,47.2572245295534
204.33528816574466,-18.66776577986067,45.54200643935285
204.9760122234917,-11.011711537698986,43.0019708654245
215.24706036789576,-10.680650618105302,46.12013915010194
213.27861477811766,-3.6136843958796336,46.50526740738733
209.4434225105885,-13.019591618385686,43.28409795148298
207.19967919117772,-11.224862692697737,47.75216998694809
205.7250042304963,-20.593105176190974,29.459265331580195
213.35685489944024,-10.862444044353863,50.64126646182984
199.59232413858905,-10.903106149680601,47.842514634379135
204.74767441787748,-2.5152419038698586,46.42721078418319
215.36008651136598,-6.487752405106578,47.10508216600891
212.50611247216784,-12.456348628298517,44.29524945887859
213.23215237140525,-4.3927583734448135,39.9460485703694
202.62487598764832,-9.070324263090498,45.909909876952526
205.22443898684912,-4.466367819931923,42.93979067987297
206.35973931792597,-4.084279624114244,49.32480525874997
216.89466010216364,-14.841857497334294,50.27851348666873
209.08423374104342,-10.802283412758605,42.443812746398564
217.27195539579688,-12.212747368376455,45.30467442427786
198.77261487962613,-13.546818536727004,45.44842726410094
214.12316346427718,-16.918045496880165,41.08597722516374
212.9100198694267,-2.497404869081495,45.783437260383806
214.75803196797003,-15.32133491159135,42.800189567865395
200.2730333644001,-8.379309087714816,39.30122387083335
214.0479155748345,-12.994367179019603,46.24658836325247
200.01956044139988,-10.565601833361523,43.60967233259246
204.99298991588583,-9.22709095622513,42.64102882999649
214.7796174587782,-13.445131600707374,39.81459082558477
205.9490420101411,-7.752377625084166,41.087928359874255
213.36373403915084,-3.355405853622201,44.84824914365269
202.2546589126372,-9.942375401329361,50.291314357225616
205.6510309505201,-8.814932491481919,39.69463353465148
214.03086679503753,-18.766038979237994,47.71445093422596
203.6693126233212,-19.476098502908993,42.753086435861924
204.60640954893273,-16.81915955821334,48.82183266302947
200.7205543868989,-14.37420063712299,38.87478451870188
213.20004240532455,-15.730189248183727,47.7427407332973
207.82064252658392,-9.097386478306817,46.213275918330524
207.43554512592968,-11.239233192056952,41.81422308525103
212.4110914218816,-17.059392041037825,44.9017180913218
198.76257777894318,-9.31875783350156,48.3265673699853
212.6692879327107,-18.054610627381436,41.817474017681306
212.11191757996878,-17.466564303242006,45.37431381153218
207.705012005475,-19.86767461983462,42.60686777779076
216.84992699150257,-15.519687709084087,40.9121740770953
199.47793430938367,-13.175578643883082,46.19216568965155
206.62032958854098,-11.604520092838259,45.293314983923445
216.42010889020497,-15.764429252849004,43.45269588134425
209.9712655982602,-9.01795208065182,41.88577806472301
211.4854774871592,-18.098339084753928,43.70747366240129
202.14153842154718,-9.595656019038891,42.65906910364603
208.15894428719045,-14.525123069548822,47.53098807353518
206.79585372765587,-13.177431062823016,39.245413469226186
211.65931867942192,-5.308221119742661,43.90192125218686
216.94524784550055,-14.243750218959246,43.881350843301554
201.13761792648413,-8.993141494109473,44.74184308991952
203.00328300404217,-18.727736080413322,44.2121490087859
198.88372159366511,-13.462939152629568,45.14095039579947
205.28746649444741,-8.892102393936684,48.56292338943585
215.06547773794077,-6.348386618463731,33.78819973045537
202.6710530603293,-11.951853718674885,41.92771275638131
203.6226983019612,-5.557727713048563,44.723934078048686
200.37384221951618,-13.867364304784942,47.43000663838727
205.36874730170192,-15.386868799276147,43.64344553449653
204.02563381581894,-18.418743696088658,42.464795109597056
216.32713389962453,-16.862642858027524,45.55981299666954
204.2994281472324,-16.068700101308025,39.27338050778459
212.8051059636459,-14.282387552379944,35.29091405220142
203.81395706972373,-16.428727752787644,37.14882838329038
208.32163104308702,-15.500275014311427,45.82507831117403
216.62859310504717,-10.400685325641444,36.329887049119215
208.64051043808405,-10.750555187474115,48.30799702658789
199.78230060664183,-7.34117087735127,44.19442800699967
200.90295760064546,-16.370304732006183,44.74244458411684
216.42300601321574,-16.121779310065822,43.56907538643804
201.3967346991767,-6.58744984743658,45.56699259899858
214.38999084080763,-10.59041853141462,45.871639199342546
215.0743467732995,-11.309711675571553,38.56711794511838
210.5817976349177,-10.606546353508293,46.64141446227174
203.9930119854942,-5.89428109093331,42.34445212560675
216.4493082423028,-16.563763032395805,31.537184111763626
207.88712464090835,-18.89824270452135,46.10754585926959
212.5810221395034,-8.796442665012497,47.897933704173546
200.5830124185443,-9.622909261659045,48.725605861129296
206.1783880096124,-20.343784375101524,39.43691041110551
208.8021865084148,-15.693818770316396,46.27841821598511
203.5965980059949,-6.4652189319934195,48.87159999374045
217.09538044960917,-9.923119024818757,46.74255851124535
213.71272307603078,-11.658071785835944,46.756725504665646
214.5978421100999,-12.284698477128932,44.9541227112931
209.02465667452552,-18.165195567080286,46.295956024903774
210.5940444947197,-11.017974085090799,42.38699351532961
213.41323131906225,-7.538240212165905,39.971835058379696
212.27541323260076,-15.9231207606072,43.32044016411978
208.4645575255983,-4.454502093154622,47.797583511931784
208.918472065223,-2.93145481190224,46.24639581650755
202.46620292453682,-2.8635081792849837,49.073829102584284
205.33190610025724,-19.172980219959346,47.85806722678931
204.4687151588807,-4.8687223493975,47.667709691635594
208.30530118315679,-12.317450856014466,44.87644083361896
210.27152097360982,-19.482444592926537,45.71167260983056
201.96017477578644,-10.885687321640107,48.268075184647245
215.99125252034884,-7.195355474899895,42.564967768091535
201.74108151928306,-5.461839306474772,49.051627705301826
206.2037180465028,-17.37132111588491,46.15697932713921
207.2220973039517,-9.709072407683795,46.07229977402046
210.66479669243918,-9.30015919908832,45.09809052601762
201.68777859134912,-9.677753913258295,45.13249468244785
208.79464558494416,-18.914202529305026,37.245687505232915
205.82649420887202,-3.5275318741566197,46.64162534960999
209.27337749495734,-13.60487127964976,49.95441196941812
205.8574463495658,-17.389650009138222,44.75346761847679
212.56608074538045,-15.93415822219517,38.51930869368064
214.7095672334146,-18.358263216160537,34.80055042151011
215.70632187694812,-7.504179084417351,29.974995042171717
208.7491740272664,-14.24980471908012,43.22946064338181
215.30650863473426,-15.00515837299324,44.350448262970275
204.06086875723284,-9.41313294199134,44.19925193845364
209.69764823513697,-9.840927924913107,48.869587163657336
198.24267261620415,-13.648983229780315,41.24246177679819
206.02470913163853,-19.943007603257406,49.693261366393635
207.55493348900526,-8.581512478578587,46.369528261364096
207.22195103532903,-17.36189220346609,45.13599953072338
213.32476891313823,-6.583504245711226,40.316936443309395
209.60197695989405,-13.200814403653565,42.87788707486992
212.24126113698551,-16.290565333392482,47.62683918496105
205.9665893639121,-7.459873372704033,38.96941320757387
207.19043423768105,-16.80162651430755,46.6075647513253
210.76366234767036,-8.07263712290102,38.10862036867806
200.60946934195468,-8.051929835453898,46.45126891135131
212.78664786707395,-6.080541957391417,39.1640513413849
207.15253090267356,-13.652271587896951,48.23531439735979
205.78958237761827,-10.881003063370926,47.09388699727303
213.6747933151698,-17.78862316259637,40.39260932155886
204.6842506284155,-6.116396246201814,46.57526158733424
213.09896743278466,-7.050730905441167,46.337361819257666
205.33342087971133,-16.22639143178278,44.56772839806952
217.47221279611207,-12.226913166278313,50.26528047909784
209.3718966227706,-11.851550587537123,46.74891418092677
208.0962670083265,-8.420072438168642,47.96029854456725
211.50489470734075,-14.300560292161538,40.02464070230185
201.8127657986467,-5.040755494326554,43.710890428774285
209.73495493260882,-8.117470261634313,46.832222204043454
210.95857951090227,-13.547750458146762,45.84136581161231
217.90803596912647,-9.225160126196037,35.8995686536234
211.55138604854668,-14.25558762959221,49.645709710232026
208.0641856443543,-13.374507948115152,38.90491359809233
209.73224122656694,-14.284557666094724,43.51779423693104
215.88079634785527,-17.36132127140123,48.76865757884595
203.4940685287638,-14.775737013166871,41.53083200164426
204.7232393937819,-8.461145739044591,47.83454821558944
216.20078880530494,-9.212533524001413,47.399729753091606
203.47040330057237,-13.064191748224488,44.150592682604994
205.85058673662982,-14.151362737180586,39.96330399707528
214.7540491771965,-12.215139615777789,49.72898077627079
204.44913081608823,-7.962158785976934,47.54831861362976
206.24750191441956,-12.850362694486945,37.53388328452598
208.6474373272832,-12.571462337368159,40.25529887285148
207.7683641629937,-8.631233767467572,34.22344632173343
207.2220079484555,-8.897024525183928,51.58776940049694
212.84136842389327,-18.712307011454016,45.07922772010571
207.12415201680054,-9.389688893886863,50.7598702656917
214.45815914181955,-16.233224659997415,37.875472125797074
201.88381406884065,-13.534250531416317,46.96973685741231
213.81146295940908,-11.94331181793229,42.56109235667499
213.2835304953758,-10.125336957608045,48.07771371066388
210.4791294400512,-18.360397330088283,38.87515129219672
209.00007758520212,-18.963652212600863,40.88533846451539
208.76863423736617,-14.766926087216559,48.831983172919564
213.6833880653555,-14.010006293295017,36.36551405953994
200.20379311894416,-5.539196918340614,43.90018529718318
216.90633837122735,-10.048240236234912,44.91596267375797
201.02696155221093,-7.757418217363445,46.56580251770078
205.4901065181228,-9.083541480726524,42.688633139088985
210.38916251417086,-12.315916933252243,46.92325839574807
207.83905604779272,-10.824677700149792,40.61125446630772
207.07399940026517,-11.238502894686524,45.806532543581284
203.7070316702107,-12.85603974015266,42.651713958414874
213.55297603609418,-13.105490602845816,47.69382178797679
213.3833946919374,-10.69693718831346,46.372698835255406
217.44037017801426,-13.43117748780414,50.097595717239436
212.05126689209735,-8.698626919586918,49.73800970692357
213.75820025610398,-9.461556033453801,36.04307435167772
204.2538606039588,-17.979750124202795,38.14101335479699
208.68643572396113,-7.956229333566311,43.29260244324923
207.85916227530063,-5.532945953089193,37.0914502177049
211.11009977328186,-7.923667845219269,42.703702917457285
213.95292664362023,-17.34687257058202,48.472155365143955
209.72856103699604,-11.486274520833447,47.807785093751185
213.31072775319134,-13.238349473023865,40.41294712799472
213.18737076363743,-8.838817156497713,37.75438659039031
201.7330992482133,-10.36448759696155,49.92840395998534
206.32766772788068,-13.862490098408257,48.206760483925486
203.3144020429661,-7.133929114113891,37.205201307205094
210.66019841969967,-9.811076224757945,45.79484257487244
207.50670194657425,-14.215286798827435,51.147018851139805
204.93147001874374,-15.84018151517296,40.77566872580068
211.8301075738253,-9.564799525261906,36.19469720499387
205.86035375603456,-15.25025375067063,42.43127728364807
206.08734311735884,-12.946808476392317,44.796361261354356
215.8819104615875,-14.626522577484373,45.12380289473779
199.6353623157968,-7.458809709196187,38.14639554494477
210.62924720150053,-1.803740375985473,66.22915847187568
210.12345393975886,-14.781606604892467,58.109897989889014
216.56918457153213,-12.52042256972638,66.08275905691241
209.28605743099718,-5.736167042227832,71.31281484992274
210.14521479897246,-10.626851735080342,64.56753186421086
214.3911725820049,-13.62073857307519,46.35759848014998
215.9154964526054,-16.007613984093258,46.266223736809465
217.59030652687022,-7.678018411006893,62.412867230004174
214.72108633343572,-6.560105180849313,63.328679310237106
215.0404243558168,-13.32538864982564,58.47657567146655
202.9431288043093,-11.87818700381431,67.47650056699604
208.12478517740232,-12.767679706065765,73.04979525199423
207.30404470259393,-2.323096760062404,68.09058104171282
204.59272163784266,-18.10213951851562,59.39988974268706
201.143309206238,-16.752866570479497,73.38613347276572
213.8930614025632,-18.208761112590924,63.661345531757554
210.44482767253177,-17.090881628534763,40.5980903273199
209.41989131692344,-15.516778904059539,65.1011904309585
214.26292792120296,-9.869643359340147,68.59952695461112
209.02427603979845,-15.162830393724095,45.536595379953155
205.66638726376496,-14.583381708270327,48.05006315672397
206.162058807106,-17.801888196570605,64.54623146051473
213.51325042395058,-5.745705801359296,57.133313560955784
212.93002261466222,-19.229239720759743,55.99775670748062
211.33918908880125,-10.165133720071228,63.534850072375534
210.51787798901563,-18.321939270625094,64.56760379842451
206.25144714316374,-20.35722739076457,70.18936392471376
212.90430242921963,-10.222650054163527,68.83831446751192
205.18151716196564,-6.410109145364083,41.045203565900586
211.54234516220762,-18.589922568244713,50.147104964788404
206.47245099444973,-3.3989210480541665,75.94631625910576
215.54254763179728,-17.35195457003178,70.78585965804268
210.89692730454,-12.79029322293781,57.258301116546654
215.4471963633923,-14.292126701922895,64.3990897474319
208.3294424944868,-3.7249600825415845,59.645044548287736
208.21833847350837,-1.7191040376323978,62.053573319636634
203.93123718076697,-15.288350410034052,70.2037665306436
203.69361065878653,-17.566110887002196,57.804780415732964
214.31889106944507,-14.509139851601661,57.21512645099793
216.0627265645329,-8.702798875144847,46.389700923631565
203.09565986162818,-3.0844945394394405,64.5351366923175
213.39044073177996,-9.537859100937967,65.29705671009783
215.92901565118862,-15.459286127723074,48.44194430272226
215.16309165332748,-16.993042558238077,62.637149062091666
210.1260888431529,-15.423023170117096,71.63906286684409
200.26851231807103,-15.822746610877434,42.83425518046117
206.22133044073476,-11.755961714821561,68.8164581329897
199.2454967366134,-11.3527092998194,48.49873389523066
200.05272000588087,-12.261418692847926,56.900683273891715
212.39922213460636,-7.9167057846752575,50.20320709125001
205.93188976185215,-18.397176221775727,71.12969197869094
215.02820879635374,-5.113903199552493,64.04705022474049
207.69374770055424,-1.603257613387093,56.063020804375164
202.29892381718815,-4.907052134793136,65.39601194540901
215.49713753878297,-13.106433234706213,54.697587046831764
208.35044825325105,-20.892739913776488,44.38921081548095
200.09575819624746,-11.309961134445466,67.00307818189751
209.7775376552317,-7.820384802803395,48.29267757858119
216.72624309646466,-6.846364299675083,53.398661643529
210.81320199677384,-4.731419786664896,40.78759255315012
201.76988030308712,-13.493592730120467,72.10413812467989
202.7570759073054,-3.6209778711249636,67.98793613772607
213.93627286803493,-10.768187542685872,67.33748371362135
209.17053023878574,-4.211505299335245,66.08408396575415
202.43206679371656,-18.022784221523874,38.42469294973849
214.00767199842872,-17.266223685708187,45.17654529289379
205.7926937351689,-16.32771917422759,50.47404562259811
204.18657029042865,-6.117030262697602,62.761724602498944
208.8743450128745,-3.172309035292531,64.15408026313892
201.7246574541325,-15.16757876148115,37.26218465093043
207.85311198180173,-16.464397756383185,90.1928584054709
204.61479482879903,-11.316777195440004,80.76005075081618
205.4591697101327,-18.091253900851992,53.860141452987605
203.5643318717558,-15.434830021790534,60.195856246476396
207.42060943058016,-12.891455479051013,93.26563938191237
198.97000514222938,-8.805315800568735,80.94980444375307
202.4252463763518,-6.740660965809592,77.8796856587464
215.52710977897237,-13.950081215273528,80.36641629331663
205.6149229652645,-18.85791516739946,51.59724128634582
205.7536631762685,-14.735581722650048,74.07875722161435
202.24889436293697,-12.21898880447952,88.73449648873394
215.97076061739034,-5.804790784579746,88.51748806988755
213.21975520231751,-6.617550422087301,82.63837826058092
203.50920055944374,-13.595138718949256,65.69967024065026
202.24864075529834,-14.812397421404059,83.7172668888905
215.48991457340944,-13.979077354430993,61.792101697125545
205.76494493776207,-12.349230947557864,75.41824994982424
199.31588577732802,-7.7924020555011175,71.18386329300836
214.49754108203726,-17.0715898865271,57.40352014242718
205.18796603897798,-17.095796627041416,70.82098220582188
202.1645407194696,-14.881572749427804,65.9409662639824
209.24899619930173,-4.646929798376308,85.86491856890727
211.30670175943507,-5.398863547315643,87.4091303115491
209.32448483588243,-5.944235225559974,77.74874267842782
209.25401925112865,-7.260869515554523,93.96973308825464
204.47793289842156,-8.21112997815264,91.37395622123785
218.1381437941889,-10.77034180120065,86.78058545356546
214.91253779498933,-13.245554563190042,53.98609406733574
213.9537373149194,-9.233561306413796,54.0898037440446
208.50204257524481,-5.552683047986909,88.32058318826934
204.41028662249278,-13.71447185078331,55.856020855402434
210.06470325719036,-3.820305357022125,84.59937730267379
207.72884389222142,-13.81834246984958,90.21974335390534
211.73652818279928,-8.892644078820306,72.46771648156839
216.65508477769038,-7.188174733037639,61.9655607458808
207.7166950174886,-8.07447181410852,63.55283542159672
215.66468551803217,-8.177929376482876,84.5451238480321
217.70121208384793,-11.016809536347493,35.05465068689906
216.35411136077755,-13.861179643931925,62.05140288243449
214.09385508757228,-7.663867677091272,84.08122292347758
215.51822740564944,-6.788677232549831,79.0724956833289
203.3114786509965,-11.606782396288363,91.84855434544468
206.98815783440878,-18.35390202705378,70.72306741316085
199.85924129681587,-6.2273562185943225,47.696675802004194
213.86309118943234,-14.455821820007227,81.19967359849083
208.2829287945314,-15.36187168465687,87.57315058271219
206.65284040304044,-15.877677615101838,82.68011968265834
207.2951242953142,-17.976470972452372,90.64463288064218
209.75812070664466,-18.563760434948886,58.16425081464853
209.0611709910165,-14.345570671989774,52.755486005180934
202.21756549233206,-17.18238375657587,71.02653950043344
204.9111529563564,-14.919308104164816,83.91009537867647
200.65421093543793,-11.156006587849125,57.09264121270555
211.59256480610657,-9.892587908245336,65.38399506998064
205.98044923335468,-6.34821571465221,55.731176612066974
205.98772300889382,-2.97853355416083,79.78503552463079
202.35013112583076,-13.601964925913432,58.26842390552385
212.46970673403325,-15.240458602318766,91.90766878361865
198.89585914661362,-10.613892207792487,77.62002268765085
214.5271064656777,-5.763600536151655,79.379408452214
204.0777324272222,-13.258317733567246,90.32518301171909
208.60619729417564,-16.169961331694697,36.812852841038755
215.1974940095356,-10.671089984944057,34.702918541307874
207.6313800178289,-20.281955702705808,78.84713707383857
207.69857749943753,-20.716693165323385,78.9119159944599
211.63669798499097,-7.7812352238915,80.36826383580558
211.30283694122576,-1.678376107373276,56.28011832244456
215.66905060737102,-12.50536457495071,81.18302027191153
212.61245035999673,-19.36782718509561,85.2217297972345
202.1569703455262,-16.5506306315247,68.9562620855242
215.66338147332047,-10.059102802516135,65.9668154811709
216.67864482392676,-5.8648327319819336,58.33000635632876
206.20489164071293,-11.395505052494748,83.66201904838466
202.69689907590018,-16.59353598014135,64.28360299744985
199.3281647459601,-9.329842344326206,45.670017098776505
212.3172899979954,-16.204123715707944,51.33137940126541
206.19959462720797,-16.17536383177712,53.080722834147124
207.8361777018616,-3.8914285742867447,57.14130870334219
202.2609422540337,-12.36624952831802,56.02876324806479
214.77351679691967,-17.164982188966025,65.23350223323129
200.37739714659833,-15.08941445544524,50.138665910041055
199.91908024311968,-15.307676399950706,49.99974894006973
207.08927691986042,-3.6647090198824435,50.8695619390159
202.5436499393924,-18.341500329803395,57.330795043145464
211.5562337075017,-4.097104776191392,49.089664233713385
206.36091154171294,-14.573246205465672,55.739137600314244
212.6555672760769,-2.846636016229428,52.88499915154151
203.4413991203408,-2.4868747195641236,56.60667710272227
206.62819592641802,-16.83237502795862,64.36352299611963
212.1806804305732,-2.3748953270423785,52.585053155374574
213.11050106071184,-3.6800533136756566,50.97354215675592
210.6280383018912,-2.228308544190831,56.693631857572065
211.45546110303206,-1.9394832495300254,49.669667177163184
206.88252006937688,-3.0159852335671773,50.733019482970924
215.1344345696535,-7.950386513683939,48.1695224038717
199.48980886607717,-5.80511975051617,59.19858932076614
215.31661609135617,-16.46937393697279,62.27675824743373
200.72559641024898,-12.888825752986612,54.5668024432638
215.03589730484123,-12.804619112416578,32.24904662241522
208.13003358126787,-12.658436316017863,56.654591542147436
207.0947540775142,-13.959402555536405,56.15272181847457
210.9680993562476,-6.539074787153065,53.01473440691579
216.10572270357116,-13.618110242037828,47.05860595414173
202.55791046504984,-12.22532433727149,55.48213137006585
203.1419361584149,-6.132193306719469,59.602764373008725
215.46901443649924,-5.993004332377689,36.2572514420076
205.57357535572848,-12.515080879779118,57.76402328254558
210.64724225337724,-13.43146714021683,57.87994274017742
204.83566653451146,-5.209434264869191,64.03222256406627
198.08048194196616,-11.853144707241606,51.25982019678172
200.12503127873285,-10.028500278939132,40.81277771410972
200.60850512514259,-12.73727619993233,46.73935550819942
204.43208073577966,-9.879280753763558,39.903095141382394
214.58311757239122,-10.526946148306807,65.15777164904125
204.98153496474475,-4.499784256566483,60.764666787360895
206.97971643792565,-2.194508206211327,60.92346863335863
207.8564032293265,-6.451489609640871,44.70813356297509
208.82825597834537,-16.834307946296178,53.04603887778984
209.14947947851584,-3.868805050884211,46.55305815007044
215.06643656553433,-10.249009344157095,54.548793624734195
205.01641174756824,-4.597614756127744,64.07797322499243
216.4624815202237,-12.960849766321184,38.91925100516678
209.53357773623247,-3.127264284509636,51.72139190531179
208.28546691636396,-11.933806414399092,55.645263059933406
215.2733252376724,-6.415161021960552,52.78428328749006
203.66624239685456,-17.184683089214488,56.94351723365807
207.02934544086125,-4.860348424537537,37.346325831067574
207.0915774600879,-14.814149240944861,56.17247826488385
201.17189940818992,-17.725313578961646,46.72310828401985
213.0667639481348,-16.6968671349069,39.55109803296835
209.35901824682927,-11.988609426024782,53.11647689824561
202.59246212744625,-15.606788734408179,55.448884861989995
209.34040547811426,-11.036688295355749,60.601721828067944
199.53791762083475,-8.055157865242109,62.293932029421015
205.66468459025168,-8.176360032972022,49.45479686093063
211.370300283154,-5.15095001818299,52.63934625682381
206.4347163327752,-8.35586318341279,47.924632015562814
209.65254061131867,-17.42943374143878,53.90924978876089
206.29127623896693,-2.091896586243046,56.15790963949249
198.36286452706068,-12.628762640724664,55.705401279684075
210.79685447660023,-3.1383297064163,46.049072363285646
206.5965049268097,-12.750168782688505,51.73354075422284
198.4755007307015,-13.478820821175075,45.90716201470353
206.49467180711324,-8.606827834303829,53.08775935838245
205.57924180815488,-5.186286987691739,54.75344501833106
201.48101792683886,-5.50388581895974,52.324729664501476
201.97466856094724,-8.415070524279132,51.45438934440718
203.88786995510773,-16.343299261370714,54.97242649672433
203.0854055293038,-17.72023126216709,65.11893249582023
204.7525535961803,-3.8863028666913095,49.587073268275624
201.69197927527173,-16.671316089994914,55.236328916998936
214.52968528805616,-9.144377642428502,53.53351042297929
203.77562540933192,-9.26769007468385,57.788194954839845
203.47610279463962,-3.8256840978970468,60.86638386047991
199.6059421304879,-6.827974928206683,39.72583816967149
217.73463539520918,-12.36157989085641,36.289277167669646
205.10756194062793,-10.645795574649355,36.25075363914558
199.2497724635027,-10.728230568996013,38.65930951771868
208.3485281114936,-18.128072943076976,34.65040499347434
201.70208330540157,-5.469774488069547,34.673466146563776
212.41676000358018,-15.099909378248062,37.32367955861866
213.78082559500103,-11.018953837039739,39.58860737022186
209.5839551884907,-8.518789224407056,37.83981945463655
202.18014382040977,-12.37125171802135,37.37903757157598
206.06274084386195,-7.54182001929259,37.40938287126316
208.5711604193619,-13.405165844363335,40.17799032510366
206.78859133103126,-15.069057861448785,37.40041804618207
211.09625488793668,-7.728944191769014,39.989362216137785
210.65808148351786,-4.485225728022889,37.908048892218645
208.5922747983464,-12.242412942480492,37.29713511066007
204.76065617859237,-6.2879779887880805,38.026743619385265
200.88615580695293,-9.837344393039425,38.32186438065259
214.42340858155774,-3.7381177157820953,38.76828994851527
206.80783755691155,-6.421557534037749,37.90897725376425
209.06161750199308,-10.538457818702943,38.018828563536175
213.45079565341476,-13.478070544487801,37.04127965135828
214.24157208520512,-13.459000003497682,38.68709379521171
204.3280982796179,-6.486414033759241,38.51320244039196
217.1079510407095,-12.839743813546573,36.90782911887151
200.1351676964268,-9.63983672459337,41.06132784984807
200.041753354382,-8.129680586370231,39.34838952582892
212.6915859428432,-12.432961908977106,37.268243770553426
202.7846366327968,-10.120831541820301,38.22356151508037
212.5655094181099,-17.00123725338859,37.99870536590059
216.26159833469754,-8.012023140203796,37.24951737064271
211.6188916071136,-8.29070330518983,38.20270486217778
211.82429682901915,-14.627468100335458,37.203058721389986
214.30675356445474,-17.715777194385943,39.59069600432106
209.54794540662738,-12.296567546928593,35.24517874278283
200.67768833294272,-15.928344366368465,39.22831307464944
199.07405873064297,-13.22622225404016,37.987146787486694
206.93674057400585,-6.361655467549275,45.37568086377432
210.15678337751783,-11.533854743348481,42.91312755923188
214.0623758348969,-14.102997806629158,47.056240529023924
212.46100272082623,-9.752070785471915,45.30409996197729
212.52545735414503,-12.894072615746481,44.17698971092568
208.04379246187645,-9.599019495249678,48.502055266845296
209.76976322080836,-13.132811250658508,46.90948779630257
214.92918626744944,-12.852394064751213,43.00801257562268
203.83316937844518,-10.252304529596918,45.039459269759575
213.85684786659843,-8.632223656966545,41.44668135951043
210.96170238188122,-12.939554358672257,44.687318450299685
201.5204712317742,-7.496784082623933,41.9092979517282
215.17578744893783,-11.596496287747836,42.06278634511226
208.7290163774143,-8.898386728102361,46.827031966619465
216.65984511449528,-11.098300068974282,40.26485171411801
208.58932152020012,-19.388778271205986,40.085210382959275
211.08141931031446,-11.040249084727263,42.26529082251913
213.82650609334692,-11.363178875810618,42.28953804654184
211.8300405753488,-8.326776820838674,46.12967184749194
206.05244195363477,-8.33910021022431,45.15334592659169
216.28371762661533,-14.988396942256019,46.577017400087044
215.21206846892605,-12.015557378063466,47.26447333109252
204.98528481390892,-9.08709078536871,42.66834671568977
206.13793489786985,-12.733796011861447,50.80544495036176
202.23484109708446,-6.404590112704239,44.750789436395706
217.75432182211196,-9.93672491985439,46.09616232047255
214.525438755415,-11.873672973890486,42.722686313586195
200.08649908525948,-10.542326510294101,41.03980264627433
208.08176053231398,-8.550887777515756,39.60475085262174
217.383597944062,-14.099188014493187,46.613076326406805
208.9837452025585,-13.288350928100554,46.21385562929158
203.36316665087222,-6.967119179615221,44.508550716286784
214.6254709870955,-11.432071630173784,45.66520939274352
202.01603465867538,-11.681651867654585,41.454268711259346
209.88961919146692,-17.16824407597976,50.908924946142186
216.6838491461351,-12.677449569504242,47.87926147041325
210.74130424528605,-12.797059806838417,42.335964959550964
208.1899134900251,-8.658828426027881,45.65586779573915
213.51359193841105,-12.060580193049661,43.00936643432022
204.1271603378598,-3.2189237260200696,51.29180932399239
209.05218944539467,-11.25982294356377,44.829787002969915
216.37599659897776,-9.898025398253193,42.620313187506085
208.79086425822678,-10.966117721217058,43.75469528893295
213.69461077872387,-12.232143692444284,46.94651179422721
203.15054680573888,-13.179091416572602,44.80742333078544
199.50759932628375,-5.769846262631751,47.228758294709394
211.1024568472718,-11.298481577314217,40.571597664762116
202.18285916382698,-10.584795180696716,44.1543095203213
212.95104459114904,-12.416691440577361,54.096083992561304
212.85949640804574,-6.703839804258728,46.2843704624693
205.65988362741794,-10.345040879424953,46.429836905771694
207.86263447962907,-10.147458863293828,48.64664567341871
203.99310702774514,-5.0326460282386645,46.07643983546619
204.2790422007811,-9.98575678034981,46.99635005791836
215.37712500188513,-13.878081876173253,42.47941631516017
199.96018328840657,-10.187643532944602,43.16558652858625
206.70530251130856,-7.58524194443231,48.850040924513245
208.62301607761836,-7.219376424015771,45.23412728085523
201.93265440608494,-13.903582127128692,46.936488556354355
210.89590285922003,-11.790529907263032,44.905442447699116
201.36623456184347,-7.0754437754877495,42.18198323088242
208.63203521955168,-7.8829987854416395,47.23239096473898
212.49113751454266,-8.762719252345633,42.8104132642631
204.2816117642082,-5.835677204183317,44.61506156585533
201.21141134027891,-8.799661096712367,43.21420542389267
217.42447957370075,-7.572429215542584,44.66942534008674
202.52761952898348,-9.622921542713279,51.76092665081968
213.06029095860484,-14.77476254501716,45.393731129917334
211.1363070942286,-10.060866934360867,41.52793520317395
215.9260550373992,-16.981752538091662,47.15139995064306
211.8728555836947,-13.988847917597127,50.64461106553754
203.98574792622347,-8.566908409348187,48.98283849638907
210.31043264729158,-10.527475596118533,41.020220297399
216.59240476119288,-16.273633165850377,43.44948880094612
211.61474063705103,-12.180749049566195,42.67464646000983
201.45360460487314,-8.160178213087848,42.32352135771313
211.50145078001788,-5.48371434648944,46.425386034450206
202.8181582446263,-2.6639502227095937,41.53632017142976
209.74956728299247,-12.614838155221182,41.239226862830726
207.91610712794963,-8.839526532773005,43.854178353359536
211.20746647810964,-8.452940087726276,45.43376377456235
215.2004844527686,-8.537143197542601,48.25104066347625
205.42908685044864,-8.260802833784169,42.4116076566374
211.39746108738814,-7.414643670713883,43.00527360803018
216.3801855561332,-12.157170289858419,44.393879783303746
210.43991878001853,-8.292573985920292,47.188554335588755
200.69656308763552,-12.337166067998327,41.82734826514663
213.38913333973483,-8.415425781150892,40.52196490111126
205.6592692545961,-10.017759986887981,46.31331834814661
207.54921791824535,-9.03420869159954,48.863109451413635
203.94617819216197,-19.494172287213267,45.226593729117205
203.2663628300121,-8.890524748746111,50.73029774305822
207.49458194928866,-9.72716496362361,43.45728903416725
201.99405338171857,-6.742644109628299,51.09372978149453
202.74001082276226,-9.274593776347425,45.229979296631484
207.14870566547415,-8.67106024216188,44.51846935953659
206.34108161586698,-10.83419905428446,46.433232195451374
210.68073865821353,-13.973473648782937,40.38132325640705
216.1524392201729,-14.827067254718283,38.24705720545294
209.1091975388097,-10.931380270989195,43.96892008160833
209.9847326153078,-6.311760605633354,45.93334503105182
205.34889768396343,-2.263178825130191,45.82031678418476
216.4085175925537,-10.717597252967822,42.12201998716524
212.67148802670147,-13.93343369035121,45.77831520089542
214.370228364596,-13.004039759597479,42.65228009121789
203.77003653743074,-5.175505651284032,44.5215148187665
203.53954118976688,-10.126137696586444,42.574596188221776
216.31579429375134,-15.30095657874645,40.747265109529266
217.13522094225286,-14.403668905894435,48.874370872953165
207.40130065172227,-6.991686148901124,42.91173452035222
204.53781742507186,-9.202151403550863,49.57766765501425
199.97522448841505,-5.336833301722964,48.63019046730882
203.87819978669873,-9.348056448109983,44.169738252721345
216.0330743067046,-12.711767910576077,46.554261703158126
218.01971877525037,-12.846041990129205,43.51827130523936
215.5486623977281,-15.90983917219169,48.364405959738015
207.83164455240828,-7.281937404981887,44.18175503712163
214.13885237034998,-15.942265515870764,42.20673332728681
201.8841605713787,-7.876295217185826,44.2350133856178
198.17972316875876,-9.381961319407944,43.49398472383877
208.68544877317413,-13.290700810869804,45.06524548907398
211.65512142736364,-7.567481319341776,41.13305656741083
214.36351501425682,-10.840690125781567,45.70499151065505
207.11761802501127,-9.174765820937822,46.89270754279724
212.07587932838175,-9.681433672939418,42.026121750393685
210.50130717914945,-6.278142636683098,44.59114346651068
215.3949130751875,-13.609002381178051,45.56476957715269
215.31213583105156,-11.558629698052119,41.93236079830162
214.4204149098294,-9.347807979237587,43.177238043949366
207.51310590241923,-12.468161115407,44.34621648014778
203.8674439696629,-4.136643129610487,42.90106764453667
203.58417516883316,-5.7271804287666415,47.928601559611266
216.20127084575893,-14.845718825650463,45.25290953036808
200.8433517764539,-16.24937475946047,45.223704211436605
208.74182699715553,-13.002163649761584,44.9242775610852
208.71941787766553,-14.037461066102425,41.35385797718414
211.92035364112493,-16.868871128115927,41.32256277852674
199.07402255910085,-11.145097438139533,47.01408892706305
211.54524244797435,-5.726125802155124,42.817980815957064
207.0856111797015,-9.172680665878074,47.28880589826994
215.88487281778342,-12.766689671899867,45.329942149410805
214.10040018490363,-14.370300939931045,47.113632556840564
218.2315711112358,-11.951260186244129,43.69500876458962
203.35596966698535,-8.93569492559885,47.12462096180647
207.57090112419922,-8.673290969350816,46.6648562903003
214.36694518427242,-10.041908904024417,42.47063440090013
202.3442856403715,-7.3559148588672585,42.61910707627853
208.61434863396272,-12.392483666642201,41.67999187187633
216.11320092735124,-15.808549959018194,47.22651825883643
213.9579446793611,-10.932081384260906,43.390434594368166
210.10223800848695,-10.372540890093626,49.07804096119537
201.15203170902026,-6.864752028014689,44.043489231349234
215.71476625199875,-15.100107072103098,51.005053693635084
208.5935402913228,-5.996950577644321,42.727270932155385
209.56265003729817,-11.441458329651903,40.99938843143415
214.10814926880343,-12.358219114911963,44.66354634987753
213.5868918490257,-10.453851786600424,42.54490979078725
213.42160428219097,-18.229193458388632,49.21316363889982
203.20309659920574,-3.1193948996702114,43.81101001335681
212.71696170925497,-11.127652041552043,45.22070256244943
216.12247235702188,-9.081606681926498,46.495751936375086
200.14738403622545,-5.262359070603295,48.01570152730839
206.72530678928402,-11.15147040595927,43.126097832590744
212.19506108399966,-12.469470951945285,45.56725485602734
201.5824524613823,-6.7435382598833185,48.885272633046945
206.80314957241006,-8.2429180293093,48.98325230959955
209.43243048073464,-7.912433014089992,42.11629755309526
216.85033149814646,-9.019174371541183,41.051061587771194
200.80349452552392,-6.604927538334393,52.38990428620594
206.7093768824626,-6.265128028938629,42.51549630848132
217.82769332610542,-11.660205651696064,45.85841373711452
211.07550526716102,-7.192377449925651,43.82372620726192
206.0376512763278,-11.195292557721691,47.59382179323212
216.16504094922652,-15.55749480125712,46.514973007228164
216.5558758834135,-16.702151933900026,46.68031824751445
204.09134638274105,-12.135263033369638,42.44890429908025
216.09317658498787,-8.410743202555867,39.73746172835803
211.9654114624214,-8.46520098055882,43.38910383472738
215.0943868870124,-10.61353854292601,45.538931545217324
211.98182953529965,-8.844409735025332,42.10631786474226
217.34302593528807,-12.695525951606182,41.40742684600589
211.4384869593531,-7.609139477108473,45.105141608846125
212.1899692547295,-10.425125313149628,47.80283940576134
199.77447739219625,-7.55469348347946,45.571236526740115
202.5319558816259,-6.1345223766235915,43.14705560037849
214.25266074307746,-3.2523167184125223,46.112119353511204
212.5387186681116,-8.046327385642693,43.62227012133506
213.78861998460263,-5.905156472724155,47.24268404846714
212.0090138640932,-11.697689853306558,45.82601471685057
199.24304628689393,-7.935017047533829,41.7653561601413
208.0528730034658,-8.709444455893518,44.09107129328364
206.7872601725946,-11.049919703568811,40.4245420646015
209.47062776785265,-9.845202199704241,40.881312960834
212.59133950152534,-9.24750795321605,42.11358565065844
214.63203592145464,-9.357285966887565,44.97585696945563
210.9000594118846,-7.509042707376534,44.6587652638388
215.4601245208077,-13.252998016874473,43.688902414509855
202.89886987291695,-8.559875389053033,45.563252499906966
204.44964486575662,-8.515462176225672,43.89720667786603
214.61604945754053,-11.400690431009085,40.384282412013526
201.82192676786266,-7.212213826765744,45.73506329150115
211.51090754281785,-11.219950946608597,38.61816938738028
203.97261925608308,-12.471078729607344,50.911590461500566
214.6351980098596,-9.27227266942749,44.32287063212564
207.98665785319133,-6.454982757707261,42.7344918863313
206.79576983844206,-16.96736478300474,39.8878601597557
213.25120922124793,-12.02067534404781,43.48305703463804
210.86836545701624,-11.812865713211487,44.512706458938446
210.88688658634612,-12.575776695252648,42.98387395115541
206.5405166347407,-11.78907378256303,44.117432822336546
213.51593279326548,-10.452104267103834,41.04806584161405
210.57427235734852,-12.867645002452672,45.64963812531531
209.3826955387253,-14.56108115644896,41.09438603983723
211.61108900010663,-9.913911911361996,49.00537882462956
207.8618448498591,-11.179653267014185,46.89000648149779
206.8249758665204,-12.38471073679185,46.6344296455407
206.0925175580802,-12.454184527915015,44.39209283934176
201.71894458807353,-8.26481506350257,41.83401235056959
210.65299397841946,-6.755044261659115,46.491460462510986
205.98944388946973,-5.4045882746070495,46.781933138820484
200.72728092926755,-5.477776715393878,46.55168844907266
216.8658109391424,-12.228763396095983,42.106252208385065
209.84059828595375,-14.087934039156707,45.74311110265954
205.85139032551086,-11.999097138364123,45.76923563649334
212.65786246778683,-10.577675943138889,44.852170210447724
201.95888514277314,-9.43843857365232,42.18571864605296
209.71301618833232,-9.894392807590979,46.62986656180147
205.67214827960518,-8.80593264379691,48.666680648891976
203.64576574034584,-15.881992886799368,47.529809618864725
204.8200770536405,-3.49182867575649,51.91309368394253
208.33487586826436,-8.0867477505335,46.759865892075695
213.8905629714957,-11.371953132426775,44.06018118843257
203.56901696538938,-7.749329221090102,45.89524676516571
214.84717159833892,-11.746960854655988,42.914398454689604
214.51286867809586,-16.884447419866525,45.46438055592753
207.1838398870916,-20.142835060049254,43.90517431402326
199.5525914795776,-14.107267949395817,52.435212897079325
211.68093017254137,-10.861058659654779,44.211330907643216
208.45901430270456,-10.77905394935743,37.39768200828782
212.92303638413128,-15.26346455626359,46.93762686990171
209.79587084005877,-16.686541514856703,40.762988536968955
208.5341315875929,-14.765297820736304,45.175669505568
209.7200747996237,-6.734022009217075,43.37864524214152
210.53503090234975,-9.286520980103212,46.733419797198316
212.92288219041203,-13.23907884379724,42.78278479309904
205.48803667500638,-10.822827840606944,44.56517017665768
215.72378170032795,-6.132769945472772,41.54230777656053
215.8031841166846,-15.309103175009358,47.67498156798851
200.47915306559494,-5.03337013412766,45.70230900454213
201.1511085388785,-9.220533605917085,46.340155955557606
211.3728436113344,-9.079188799898045,41.74688902703609
216.52288058755425,-15.817351437043172,44.792164006523784
213.48161543481694,-11.393435424587423,44.656537931709934
213.43616091479558,-10.760100611406969,43.51812006101568
200.44697001933872,-7.4488390396600535,44.41278617940851
210.78455957378836,-5.879983210926542,49.2446533503011
215.14372097027842,-13.293493057758639,43.562462861441034
213.17002702992383,-10.737964925678565,43.64292711951084
207.01232817418065,-4.410955894885787,46.1664195576482
205.29059823937146,-10.483437329223587,46.69039521394191
210.28578926822613,-9.935157286558281,48.833771766694305
204.67866459175954,-11.481225358322217,45.59037427892555
200.69077130532014,-4.92613593117251,46.04352301705686
199.51658632232983,-8.027859888350237,42.90623872931483
207.67665452007847,-19.45572574732701,45.04102735218793
211.62997564331872,-10.041063975377623,44.85205252650847
215.3709811482873,-15.363657912309856,42.4329067619927
212.26096732264253,-7.9819207916017305,48.56953557699289
212.86331248778922,-12.798064027369293,46.51103181708605
200.1964912003463,-8.022301044052677,44.225689464873575
211.57464773456516,-11.851916940330222,41.75344528023232
206.7901371590085,-19.231724880540632,48.45000793039597
214.34178620875971,-11.617599695148954,54.62360098228053
215.64572576698774,-9.354587959219245,41.895952377250275
200.91473344366352,-5.712702447417372,41.36105335975848
204.88992952958256,-10.586806631485002,43.73606312365358
211.9731957968736,-11.211885859677304,43.96741864734391
213.38478657843206,-11.37239490631901,43.580515501038384
214.89963350623697,-13.858073285063112,52.666810862794954
216.99303969697593,-8.555051250958607,53.637396081422885
204.4600450982768,-6.831619627028845,46.933341503195756
214.61119161810007,-10.897545409267885,51.50761925833516
201.60422818387812,-9.355372086833206,41.623943270890564
201.67284174119703,-8.393144173336493,41.71357352324646
213.38938000731395,-16.225808854126196,44.616112574373496
217.476914852327,-11.42544306973488,46.738286253091694
214.719787367609,-13.23990142689267,45.69365517248572
201.74654183406238,-10.59455458035788,42.9146046271632
202.05078567081816,-6.746835878838289,45.20044222587049
202.7343447861943,-5.551714368478315,41.293012097832005
202.15581644870505,-5.597880976740869,51.34566163441023
209.726017861168,-10.791140761150569,43.40442133883539
203.3134352318198,-7.613444566044354,44.35522879134544
214.4051029102248,-8.929486929982211,51.455520021646606
210.80688780630612,-10.58215159501321,51.39748065033399
216.0405751815912,-14.016260305023184,46.15247940154256
216.70116459043402,-9.304064486037106,41.15407911405612
216.14115241898315,-13.029151909062128,43.95734456361616
200.01230630123882,-5.076192602331333,45.93708667845729
205.28881135354382,-7.885656741046752,43.446943895923106
204.1198115743198,-9.473516265395203,43.0610194640828
213.06142203906947,-9.890021881378155,45.45575609389802
209.7966443124625,-17.35210841770342,39.74155731721483
215.14024786745316,-16.073916126251966,47.78198208944595
203.56128368236696,-6.303247756909288,45.41281593734287
200.80075027953362,-9.985549109413482,56.01061215597228
203.0070688098371,-11.638175183465577,44.02409487479058
213.98941062792034,-11.683916849768588,40.71898767588409
201.38201072505598,-6.730526477182466,47.149155242897024
216.76272133019992,-14.941431452890935,43.06036313373294
203.92512355412322,-9.588333858547246,41.49312929328995
212.18673694080064,-11.362218616981496,42.545701845736055
210.09268831472033,-13.522074547167723,44.24856351744951
214.96693670676896,-10.219593695667065,45.54838448346368
211.1825933218965,-12.807352974477277,42.12123880429405
217.5764327181748,-14.085871615355705,45.16346812170196
213.17602354628383,-6.856135729066539,44.82491647251567
204.48466517599013,-6.430568407375045,44.612297986474125
204.79482020034177,-5.203465101925796,42.81611746085973
210.93768306675867,-7.814959474603993,45.72344174132075
203.78741124981295,-10.62458932938599,45.170553492968175
202.9634646950642,-5.476257663297032,42.66563161460579
212.92156555412382,-13.14709681573598,47.67693727189782
201.01881019954467,-6.124353628095547,45.02562759501374
206.32722954190118,-6.9920050034047225,41.75879071852945
198.40248641243048,-11.82114376332036,42.4556273936956
211.91417665583688,-6.1657059581948,42.29794011859807
203.37567044376453,-5.413292732164936,43.035096874830806
210.80834373964717,-12.460088042868637,46.03178535738944
205.6951082271373,-8.54027785440492,41.69133472693785
212.1722987448404,-9.687846939651795,40.67180451082296
216.81685792715362,-13.92525246116937,41.84742229127585
198.41481351955883,-9.072373555612453,43.19799785344775
218.02318680277187,-11.04681454970141,43.20548303382458
211.6463731074177,-9.34502365616929,41.289073184465344
216.823069552032,-12.91835036712083,46.35689324682778
208.83934765901793,-9.982552244929327,46.11212063367562
215.03239981026624,-14.578621439434189,46.88280542392481
214.69796965508147,-14.287877816150234,43.43350252958317
217.7082715684858,-11.469983927265353,43.101925585508816
213.56412182252944,-12.494841369010087,44.845114645130046
205.56227897538847,-6.876930231015119,45.989443595306945
199.56987793937878,-7.764406630016709,42.08509310799285
199.6164989645566,-9.974011705125774,44.73045521730409
205.38442074259225,-3.420865481622383,44.90573633837647
204.9472288436348,-14.464379426864795,43.56997778974957
214.57037404833326,-9.017564223368849,43.827779007657654
207.4268060041732,-6.624855989435833,43.09486397046928
209.9974834562146,-6.534593646552877,42.57982198086341
210.62865565611284,-10.698742837827595,42.41123130276609
209.31961852372456,-11.629895180827177,44.54908136227659
207.8422662726044,-10.770977737592688,47.34287238129423
206.6310022125898,-5.764081830777582,43.50474225397798
207.5514476297523,-11.986087684722605,42.79670108081891
204.24222855464694,-6.394274244746622,37.39803567610109
205.35248254485788,-7.04431368810778,40.60145971256372
216.65099338338874,-11.654675469702406,44.20241404081755
200.78236817241265,-5.172922250414344,47.117481542066514
204.51424729679792,-11.695705693012844,36.75511019832753
202.82808003407328,-8.54390813105071,44.20650819672639
208.83702872367272,-6.996902871114601,43.33406127405894
198.91442425670368,-11.657375931364765,40.64749720861909
214.58034154094406,-12.099816354822922,45.29618232212498
201.45085535570212,-11.804933434537197,46.01376888777655
211.97784892608362,-13.613079948260678,42.35632417164024
201.27417318653232,-7.775307540561869,41.54088980288568
216.19205527094854,-12.10049233802887,41.26838354987952
218.12789232143416,-10.916292893335413,43.87171540198069
203.50970727117254,-8.142788530882678,41.27434467807612
205.25885232039306,-6.9985265623189505,44.44917659054763
211.74791212408965,-6.325573071141535,43.205274811395185
212.2690143071919,-6.578809390258969,45.905168125918
215.49747375933555,-8.846374511393021,50.978053046046234
202.09725611697183,-8.674019885140948,42.664285869138894
198.99651620895372,-10.885756727286477,43.32907635205618
213.47024284854365,-14.715221665211647,44.05867149629688
213.98884720709606,-10.379855376315609,50.38926244128879
205.37005789838912,-8.991919231550872,41.20862656770638
209.46599542484108,-8.385263772405224,48.2950790294094
210.1563024916361,-13.781388196523253,42.89317807095831
211.28604876123018,-12.593955582839115,44.4160145682051
204.88138616737652,-10.619232903572419,47.563284977973
203.86053297342912,-12.963527813928739,41.612277294570006
207.80042964792034,-11.351309397701128,43.32849428372675
203.03574587518935,-4.2900607681881056,46.51251052112493
206.59128428618232,-10.42885522254674,47.30044815608645
210.47026409371645,-9.85306176265795,42.82792347393511
200.6455947670946,-12.963354665668247,39.279987343194215
210.37185550542145,-9.241296807196544,44.911779655872486
208.00002596006595,-7.341269285435148,43.209007360215374
199.8115414100147,-5.858146380162067,45.381805393229584
209.04769903023268,-9.941775254490517,42.7702288305071
214.93080511305874,-15.961624843370881,43.66591883477193
201.84652814821723,-8.758868945382691,40.891511059225934
202.4111527163937,-6.979872850984205,50.21192935858005
207.27976963706595,-10.054195810330999,45.016285714268214
209.86986576682173,-11.254606803808542,44.039270929918835
216.91748012799508,-15.485930156841995,52.4511495389061
217.13218094696393,-12.78865688589805,46.37326670176945
200.77090991268483,-10.491102789049275,42.14615126508108
203.5031633130261,-7.606584195136369,46.03380314229834
211.31659354721273,-5.627469911068821,45.986321394416336
209.92342024719736,-17.981945324876463,41.19193452501045
214.46344337455568,-12.431392495416052,40.60744244608295
199.72174294465975,-6.02145180258149,45.107387317468785
215.0287466628256,-17.052129709794617,43.641167619969394
207.348862796732,-12.260666269471146,44.48620387176369
209.26632778306367,-8.94191390150646,46.21634380164217
199.86775080007536,-11.907427402582417,45.649995534547394
207.3786268891263,-3.1146693285945815,44.64015871700644
212.22432045021796,-15.260900916683514,43.17920420016883
208.43261560870238,-8.812544140567052,41.49352842870639
202.33029285485702,-10.07569427315859,49.09096654028187
202.46644410390556,-9.015542339412457,38.936243664819074
203.34062922300728,-6.738533456123863,46.765891980455045
205.34128435000858,-4.919643752827664,46.23513449206211
204.6288255595476,-7.969232335751449,41.3440323702295
201.65095944879394,-17.45710558793325,50.91059715900875
206.7948706649134,-7.9186508058603895,45.619327671956
212.73187112970461,-15.11783049345272,39.949968063371315
210.5542533777181,-7.281383905844415,45.11075892189199
213.07929329211427,-5.524336732021445,47.624863625391995
216.8461183199034,-10.436956925224655,49.2868235098132
204.08987493600196,-7.065424340828515,47.71974636747408
199.468664496784,-11.538808186640855,42.83756563832661
209.88781988785237,-10.200500914089849,41.14466520321038
208.46261847551554,-5.810462512933328,47.11355670245846
211.54355766904152,-12.852312080688305,45.56613002356609
206.5785200971656,-5.809432408443131,42.488211122763055
214.54284930291314,-5.7236788236662886,41.54719912675671
201.84895418768343,-11.353460921619789,41.90000456899758
212.0868473192939,-11.921954011163459,50.32382206376189
209.03940975406556,-9.050893627083099,49.30894743541129
212.13593571873653,-10.707187299190036,43.02193904639951
204.9947086390711,-8.898155689396619,42.193896245825115
208.56504155781494,-12.083850630660825,49.51354322049201
210.30008123357356,-12.903841400171569,43.66994429665788
206.7121702594057,-11.745294823690106,52.97520813147517
210.94967407589596,-9.431137584074355,40.670087647906904
210.865600619763,-8.780674237593212,46.704058477464784
201.7797396282123,-11.26554814658664,42.18884637916752
209.8400289489957,-8.801325907326712,42.03013696147035
203.73399245043456,-16.457197922233252,45.059056240639165
209.8680907485669,-10.857827189760288,48.3828447674997
217.9531987376678,-10.89154316996677,43.5511314817534
205.0656335817049,-6.2121621966808025,45.82015643346057
215.7458152315169,-6.9583076382069375,40.338368323309034
217.80837550482102,-12.89181253853748,41.03208770064395
213.1761830158064,-5.875125446912284,39.46945805463751
210.9370200052673,-9.628729214578335,39.519665239314314
205.6073079363417,-9.250057267990178,46.07883857648582
208.57685770436694,-9.058120015673307,39.725181868708596
204.50490374538944,-7.7384075336664795,41.65386892080357
206.83946904225203,-5.336480494616005,43.14061574417401
212.98223958938388,-14.391888972034508,47.561674277678286
217.1618144027999,-13.666880013571738,46.23471729897046
201.6657783862687,-7.982689464644922,46.63775682919055
216.3045658135165,-13.362950465988856,41.76726645535126
203.36177919047788,-9.78138448325317,41.672660858568456
207.315849593877,-8.650694680619104,46.054739826922315
205.16793741594822,-7.367955426829526,44.51986527417016
213.91691135664024,-11.35294410672518,41.74137773824783
211.04850106428916,-11.608437704801913,42.94697368886009
210.42468814829328,-12.058119296936587,42.568341806672066
212.41243509165267,-14.699876435374478,46.8017822760371
211.67273706911453,-10.979462813638955,44.58395312578487
206.0387008904122,-18.604672655463627,43.978139031274694
215.91655297830872,-8.261558613199709,44.80626938497941
205.79508546422332,-9.983360890746315,41.375677829868586
201.63978150882784,-4.013128830671337,44.74182646543985
213.54710911843503,-11.145882430930588,47.0537731359026
203.7133958557321,-9.585020232484313,47.87280517095476
215.88014237606916,-15.043848294774595,41.73024477744086
212.40909791692198,-11.825278699562036,43.27244574664888
215.05307183838286,-7.676480647541083,46.83755598366475
202.18056571616327,-8.65844560139778,43.69218069434807
208.3573811731248,-4.120390006496896,53.30338298486884
201.65260349995177,-6.2054981905422295,41.80163311379844
211.96042875280648,-9.919807456992068,41.37896806387085
210.08762750266968,-2.682699444670943,40.89577429610891
217.98976339904058,-13.401114136933733,45.31672562751567
209.71983141977378,-11.748558436625245,41.289633850174354
211.6846109469109,-11.168239471335731,45.46456990795227
210.1157528858292,-12.095496475028385,45.179128156521166
215.02738347406847,-11.581304755038994,43.68670505177884
217.33922442411156,-12.730365663919017,40.53307550139138
209.1071384971103,-17.367423959437584,43.88050300038212
210.05290016862122,-13.093320083648097,45.64545380979976
207.35302553168515,-7.374540511079077,42.082552206561836
203.05742292440516,-9.072674071532504,42.54687115829761
201.85000379515014,-8.512567411768604,41.31909838654947
213.81953658718066,-13.994312482880844,44.803407964788654
204.39020567258137,-7.932654955984153,48.8957267459934
214.22427881784682,-9.762333821932094,41.93931799649828
207.14108791494087,-5.285709136539496,50.31788077074774
215.8519317975203,-10.552537578246422,44.858072202405786
216.18757891067054,-9.812478920811188,37.279165974502845
212.3659380257949,-11.579431515966908,38.49595723122697
209.6537230861546,-8.175211588673683,45.13764858798227
211.83212491162143,-12.416384290947962,41.2416398822149
210.7160601088503,-8.748772869648237,48.864156247910195
216.23825949641702,-7.118037404345209,41.73423692984464
217.18681204066158,-13.778953603892026,44.4276060884344
206.9495429549811,-7.9424698968005085,43.11925823076326
202.27352969173867,-10.490397702689684,41.7052020801765
211.0733246063755,-14.277742985919772,50.16767761994029
211.3249542371304,-6.27387374785064,43.15947343191406
206.5562834168065,-4.986258221777974,43.474932831362906
206.6659642963533,-6.898228854548844,40.58153793066317
206.36231278981347,-8.241589169799234,43.22295732628537
217.23661523194792,-8.704597049978627,42.22972379715277
208.11735676177284,-12.260661156951503,45.24328500231167
200.1172487293433,-6.14026586533895,40.85079320864677
210.18177630226603,-9.562673839464734,43.66792445628447
205.22390672940932,-13.4728645208153,46.0929632131617
201.76827483686137,-6.132674969216432,46.338879771528845
199.76091311130583,-5.996134138325389,46.47100812441056
208.28398374169197,-7.16713531743445,44.26113948551934
213.93140339387372,-16.701195711368182,42.003803217535655
209.62397229261254,-16.82285922769003,51.57553330328759
201.85038466632966,-7.278889331600488,49.10137088552685
211.64096184528998,-9.811768090575828,42.202796440530264
207.11073723208065,-9.662872478932643,45.02664099031066
209.03332628969628,-14.535705690276407,45.127563245003515
202.44802157599113,-11.503783174849566,47.167595663953854
217.260967557878,-10.92378474104398,45.52851455199824
205.58300646540897,-6.521044452481079,47.21364234984142
212.9708858828483,-12.245411309078264,43.29049988539997
200.59970756800107,-8.88884662485575,45.08233098797135
216.43100127332542,-12.811638290018166,43.11911143630228
201.2459057439389,-6.504186117449733,44.7816832706526
201.87362144932578,-12.248260539298474,45.773847005725024
207.1199939181488,-13.737108746807985,45.447628521485875
203.94843934187742,-8.586029951792577,45.40151081641175
206.34668407020695,-4.347338672939345,42.22691481891088
198.41378512828535,-12.071389778241477,37.25341700943817
213.8355101074676,-12.395184958393402,43.98170190119014
203.30809658346075,-12.352593119542528,46.25789408931463
209.67133052780517,-13.771779803431263,45.68186411557989
202.72269655493554,-7.2140419971727,40.34206726235031
211.81642710412495,-13.85711894480012,42.82824050767426
209.37348593468585,-8.515467821158532,41.53747608237792
208.46230469524946,-1.1257475953833338,46.30018159318818
213.97639047004515,-11.293638485987493,45.286898592960625
200.6964333694654,-4.848940740818781,43.24066530546929
203.99166994988585,-7.223254729981786,41.76246685739259
217.74072418626469,-13.95266784770373,44.981132960143405
208.68051782609362,-11.404245408695425,41.39680561392142
210.02320208906028,-18.30797358823445,39.791752073229496
199.8896087853986,-9.047625269043596,46.546631459218744
213.5881354692343,-19.41881223339217,43.566072928922814
208.89771345647569,-9.879585432827154,46.46050712493596
208.97557233886954,-7.580919660912222,45.29755730695695
201.98571403214487,-7.102098314765171,47.70055794839053
209.9005315618427,-12.790292439846514,42.86640569241511
206.14825116415864,-9.446222683470284,45.287371229071574
204.16132014669645,-11.613181645172162,41.498763602201635
205.71380110183304,-8.979146729923254,45.90149946720939
215.91288065777005,-11.532522574858676,45.42196917138765
208.89484276899935,-8.482585954157946,44.95744216182245
210.09467937119996,-7.853287965129094,45.34841561686375
212.00570231465278,-11.464624237424898,41.88661500951923
216.55965555512725,-11.343512728612735,42.72968419725052
202.64677856203093,-11.122779256285448,46.524769188596
216.73883458508675,-10.674548230731656,42.03377183411147
209.21456347957158,-6.298575357279708,40.902798955517966
199.46336126361476,-6.938018239145325,42.872140948489424
204.699386321103,-9.592136813005512,45.88705464235798
208.0368405173595,-14.27827019379202,50.468901421811125
207.5209691437111,-11.578844577066986,44.43031252697815
217.9120550985616,-13.836606988607924,46.98995448435968
203.8247306995553,-7.857922031741465,46.9796443746785
205.13500451868543,-15.670914031546015,44.536619760496116
215.81040480859681,-11.343827545794234,42.778101569614556
203.12030443623766,-6.555573345741539,48.14088442947877
212.46747389947438,-6.237965016330358,41.34503301518172
202.01696386190832,-6.242133367172866,44.48868858555258
209.09117544440838,-17.18543425676125,46.20393913486928
210.11972045242646,-8.035508612678969,46.65044324796638
207.33900412140014,-6.133340283554426,44.76247018038797
204.32647176328223,-8.83453417711794,41.755519430712184
198.83059019708074,-10.431815801351362,52.05906232655642
204.94579426958822,-13.92793692135854,45.94944077369634
213.51146201601367,-15.213573804274487,43.930635308443556
209.3991178493688,-5.786865156986097,43.112656051732564
212.00386944934425,-11.220219936176345,46.753402860367636
211.2469097273747,-11.820815405709245,40.41277241002251
200.33757818745713,-8.822618552631305,41.42085682535771
216.1083285707808,-10.652174686468543,43.16102178129783
205.64643716088042,-13.811141329136925,45.376049732042105
216.96695494628057,-15.692545104784283,46.04210537183014
201.45952755918526,-10.784302607430643,46.748159470556274
217.0291352241074,-14.166656307199707,51.72220606732001
207.97069768065745,-3.0808666415612733,55.18610979045721
206.48743153562373,-10.115375558925505,44.95812693604447
206.46197684320188,-14.232051128783665,38.75618969223021
202.0737212994962,-9.0000932527376,46.36924427352454
216.50365132581595,-9.130290393101992,46.85513033147593
217.31956087318633,-12.402614213561664,46.28351173753091
207.2949315313832,-19.339988030273513,40.37961882164867
207.99238064079398,-11.197308247545463,42.77661936722541
200.79234572571096,-8.254085317575534,43.92611537720117
198.87629465013387,-12.699060781434031,43.430181791418946
206.96585332536847,-7.869848704719086,45.651085073453
213.0404517777618,-10.808501045782664,43.970416313248826
207.7554142746381,-5.962920123715087,41.04676704456607
200.98751735665851,-8.68908087078885,45.56113339247703
200.51217899120195,-8.98760400058373,51.84404475735718
206.8912665155802,-9.800513475294103,49.66205681156549
205.2635431902496,-10.817952307727966,46.658571410931486
207.00470392886334,-6.515675299155598,48.41998093756259
217.53415105871562,-13.579715855148354,43.882522409699334
217.49166442157676,-10.32603556090811,45.81785512605265
213.9547370549112,-12.001121315224035,45.85745277439762
209.2011033039765,-9.892253674205353,36.283776793524495
212.51795014521755,-6.271063752012206,46.10498747795816
211.3980348097601,-16.286893245625162,42.275535094702605
208.94779250275994,-13.278318035606134,42.249678415043746
216.88276019894033,-14.366550707493598,43.130414952628904
200.70792232790095,-5.576773631994443,48.1989944286817
200.0074440583904,-10.54017823816988,47.15336661338982
216.0566420945662,-10.893390317675294,46.085069887666755
207.7052467130357,-5.206463399582957,45.5776309498194
204.85239081737726,-6.979259315298654,45.72190111130802
205.5627146426794,-5.792846434118988,40.426008050395055
197.96998206238635,-10.516007829907403,42.787383411358235
199.0607787841843,-6.754551714794066,46.03085008488326
210.28758385587727,-9.574792257470895,42.49809254141919
206.64288664689357,-8.129466413827625,46.194928461414904
202.9065938000299,-8.527399033660812,42.49751047864037
213.21796638365393,-17.58075994886062,47.29575776288034
212.10388661982827,-13.01795069298374,43.77611210530302
216.9554227801506,-11.06328655756765,42.711283963198106
205.33623536452987,-17.14885076817662,42.23048296575489
202.17400131370303,-9.058266874650855,44.11558495731297
205.29347196986166,-7.689093557027122,45.33999174158776
216.5259192391716,-13.531651057751517,44.60445591491501
206.24376493678406,-11.544321768817452,50.76167461426343
212.9610107462109,-8.601440218344573,43.22243406395337
207.02569748533944,-4.024426896729497,42.68873119157966
199.43585768668513,-10.250401819113556,41.24907402959823
214.21308319774457,-13.846096952860671,53.689242386716366
217.9037045892965,-11.020318021317465,41.68712685435853
200.87811319970805,-6.520833201875199,45.682148618201076
214.3743574983533,-15.0804432880695,40.66980982850682
209.37664235312042,-10.63632396733995,47.797964536130465
212.87063937636734,-9.499613511616872,43.38669745119645
206.5180325567508,-11.053553698719792,48.4099989247266
204.4796695853804,-10.109121926818299,46.16924954548521
200.349999926524,-10.977401130803283,49.18783438906095
205.802206820715,-14.690803745151076,42.53334257573116
214.13518408938134,-10.264556479251695,42.8801972707957
213.92891705461943,-10.763744456993953,41.28234397021661
217.93943058719395,-13.775172889974366,43.612805492256925
202.46281629418525,-6.891972492551671,45.33114082877548
209.36066160116104,-4.343031570168471,44.0597807746947
209.8213179539185,-10.206370547215185,46.19665882725534
200.61079694567044,-7.336981354631406,45.71872753645052
213.18504628402582,-2.9990104188775764,54.522979242076055
206.20895390004642,-9.067575331353552,44.71800495218634
214.0843220725639,-14.751453067470333,42.78981458442062
200.96188077716928,-6.269180751622295,43.20517437838397
211.3059014061419,-16.602282296494035,43.45273479356928
203.4035705872674,-4.040745172402514,49.419195980171054
202.4465544974508,-17.077097342568905,43.94971069304299
202.47106724370093,-13.671708953684641,42.38318873494186
214.88800501552853,-8.236421720144202,46.68325669310225
214.77374081910568,-14.189209807673203,45.68645550890412
201.76415678238595,-5.857633122476617,44.09721916359842
209.58173124145785,-7.715914785849289,38.82611151683411
207.52504952683722,-17.758813593887815,40.9820624983666
211.40249154541146,-14.647473219273342,53.72284649932008
208.22763682139347,-8.373750168076807,46.39429530052957
199.57211771057817,-9.008982914431751,42.13072224687539
216.95848256176345,-14.710479302608537,49.6322832407862
202.0387556975254,-4.882083480749291,47.25685351524418
201.8265248789521,-14.042053903771562,41.24214619000114
213.86196034540222,-8.617733570180116,41.60405104724692
204.51670960971327,-12.228651454623389,42.324045189480536
201.91304854673592,-6.3051065252461935,48.024533805554746
209.5358567795827,-9.277414396719246,41.671318006901295
216.02831027740515,-10.821636720525001,40.01789608376478
212.76654603754218,-9.473895635470704,42.274600069747116
206.52131054450962,-8.260022158916552,43.19470193146706
210.89841677829256,-4.348795092990342,53.45014134758802
212.2466525451791,-14.867596964256814,44.2602286149638
201.1645612396264,-10.91887343936707,43.39364491202083
202.39816347254796,-9.325006240331994,46.063060609521635
217.40185397289122,-14.55664746299087,39.501641272522875
210.70312784002957,-10.180371060411924,48.16037133588853
201.87182053180078,-6.9016914769203,45.2175097833777
205.53393932830193,-3.6850533231949623,51.68111594916228
211.88322239157597,-9.736610120825851,44.95716510502404
207.35690865200075,-4.15975245934412,44.60577408780876
215.59698472261306,-12.168239827430305,46.24648252129679
202.437033008355,-9.254086631307404,43.45164288575548
216.31388986693088,-7.06858604625348,43.59962445305127
212.36516828537773,-10.478907956432693,40.68723171154656
216.69163702613434,-7.39573165812815,43.59310846540773
207.33286520800638,-4.593431449928559,42.95753697130558
207.53396054466486,-10.133781908281284,45.494460094886364
204.44746673254897,-2.784653168112189,43.448037103053466
206.71148197374472,-14.356472482188419,44.425905525454056
212.79122335080285,-13.222239627487319,46.30594128745661
210.47632208253629,-13.948789258069056,47.54020840797444
200.7250726840102,-8.750230008412663,43.0795308167799
214.694141182425,-11.179679449070022,40.65175588407574
209.43227347600003,-12.440691760079345,46.47756735054191
203.45839412146398,-4.050187670638097,42.985380466457805
203.7385094558667,-3.3599655286988868,44.985550545597626
207.5277002270659,-9.107925184259416,45.98323295439274
216.85302495382135,-14.114763588465149,43.85591130081436
210.21206579580078,-10.041900185249641,44.958281604821934
213.10762599139784,-8.868184558862492,45.309810437995765
205.04666160493608,-6.787742235992274,45.41013172847696
212.28844320476432,-10.800869338182835,47.73384442709612
205.1532805052244,-6.726319485950392,43.76362632513369
202.24581497154324,-9.678522183357158,42.722768513295826
210.87000706918772,-16.99614962862469,45.09206157685172
199.5630525087836,-7.9483516674090575,45.78000183240147
206.5017123527374,-10.689696434336836,45.318053964528715
206.27630961392285,-10.312715837887804,40.75487081900543
203.18635545413346,-14.974540394026999,43.011000665965575
202.04828844510345,-4.4369943279356345,41.04111990725596
207.54414798064363,-7.347761801276965,54.527209583051835
199.07704285559893,-11.73126234775505,42.359920677782625
214.79807748319143,-13.143920493404224,47.309042981856194
202.5046476562341,-9.424860503913726,43.228102657901886
208.2718966599957,-11.998882229905638,43.90917493756363
213.54877291771516,-7.284787548033613,40.77564271740826
215.90074408565937,-12.601345760445108,50.06885744703142
210.21789042748324,-9.600473605764652,42.531672496146385
217.34317393469323,-12.862049537762603,41.37409752748072
204.60505091463912,-6.411758020548722,39.65040412883148
204.64272940750465,-8.065074147942005,47.609979363821495
212.32216493149622,-11.359792589608263,41.790787042658415
210.76688946694878,-11.013669141695143,44.31874483939797
208.63073665449457,-12.258604462335557,42.67046380441243
199.87014985700586,-7.744891594794648,46.096173180867076
212.2632494186796,-9.660965125690606,47.752882006214435
213.0160777200495,-12.157801188584806,46.02643207211296
206.55057340158487,-8.694258726773244,49.93635783612343
209.07838811361333,-11.206906612348368,44.168371970676304
208.5444624271549,-9.44268888142757,45.701672799412655
206.4161264346681,-2.3970638440553067,44.74299528766838
201.1213023290403,-6.571617721396184,42.53095649954014
207.1295333459366,-8.821261451505485,44.80587249774459
214.30324382835784,-9.824483063736947,45.67890755875827
208.09575286714215,-12.995966416280334,44.6709551209102
199.26215669649898,-8.265320402864697,46.067677337379074
215.42275877994402,-9.060631880564456,46.57419020722669
206.22727309881648,-8.054109668304116,41.02349764401822
200.6074490639751,-5.366099974498547,42.59702797890703
201.3979194120336,-8.03297626631087,45.46846958554027
201.58386628781963,-8.657649948971802,45.62725964804663
205.9935500892644,-13.952108950274294,49.16428048019669
209.855058795342,-10.472450502385207,45.324323434274625
204.62850533252987,-11.1223774108594,46.625547077403546
216.74428066613092,-14.839410648632173,43.805131973141314
205.79573055974296,-10.463161388851468,45.1697663531362
208.46332472417723,-15.59118760766812,44.49868973844596
199.74230612117637,-11.364699364617763,40.48605558385545
215.30754788856106,-15.103774881717982,44.80909085552895
201.42516501158707,-5.267721620689597,41.798563247734386
206.59337626856663,-9.536797358237333,44.812398629768765
203.10886148103233,-5.8965142601804095,43.61523542423442
199.6597716808194,-6.30359869648421,43.26276021612145
201.5881584707827,-8.753943932944335,43.858653178180596
212.7472425532226,-13.723386036406668,44.82949210714169
199.4171780104198,-8.915017473921967,45.72528354024018
210.464703164442,-10.523740930463129,54.61367489427391
208.35943534100855,-7.105144603340573,49.20203680066669
214.19603080358596,-10.303489151354315,41.48652803929055
213.43529687820782,-12.565091788144477,42.552937652011146
217.95346935272914,-10.307714487239672,41.89221442283338
213.40563874092106,-12.15265611823118,42.69174826126595
210.84164784993547,-14.293182328799775,49.53887280392046
201.81370062038033,-13.861582686084242,42.62898153039497
203.35894289668664,-5.7466847769655995,48.56532345855773
201.77985807345453,-10.770828228358777,42.68720779744608
216.4925740579846,-12.618099873563205,46.30873047214054
201.21850565978178,-5.370344475366549,44.508663203804694
217.2506565301364,-15.304701099843978,46.2183843617471
211.61797635623964,-11.16787019307445,46.83524233294359
212.41395003759857,-10.408631404590782,44.733626062783614
202.67947973476797,-8.725503996521546,42.70555127570557
206.4433063560439,-11.62246437589422,43.72822716022687
212.87354580121513,-11.931846707033857,53.73538147115791
217.45012465654946,-12.591638599644206,45.414049950056445
207.73111894612936,-11.483401717256976,46.12437934856439
204.97757782478104,-5.000818858736048,42.8400484948341
209.70511688854594,-4.49246998707295,40.45732246153453
200.10470126407776,-7.9322790664328915,42.66856218907669
212.60716083570767,-9.473338472148978,45.689172501478204
207.24208661434045,-3.195644284968559,45.756916522932016
202.85113219435982,-8.765025011744772,48.85194977902765
214.82387262540587,-14.361951179688655,43.29241541237428
205.2294553182227,-8.254959791118539,42.05636050741777
206.74591784788365,-12.184062891604484,42.89084256092668
203.25130442137367,-4.146045911420884,45.48448529678959
199.64106798719013,-6.410219869954217,43.23184843317013
213.86428445720898,-9.244104942747633,45.95158433637417
209.40074252710562,-8.270458357600685,44.754944283204736
204.15650711100594,-5.321296726217274,47.186928362203815
206.9840264364824,-16.000372275130466,44.098236290181426
213.72802753850064,-11.88013395169029,44.82995517661939
202.29265793092802,-6.0644511779801675,41.14689310790013
213.71088991171888,-14.285521541641684,45.5821280795602
200.24645088117978,-7.206354816538642,43.99042976145068
207.39826901146458,-10.262946667392178,45.084832957210665
208.19752448922821,-14.34984780465984,44.263708231808934
213.46441962333108,-14.591518042914375,48.449001595055755
215.96250096857625,-10.32716736813545,43.37689689005272
199.08687847698508,-9.220975166365138,46.013467168198744
217.60828743209308,-13.727456054892418,44.01303009238825
206.49311191015641,-16.671219673285457,39.02732177270948
203.87105094226914,-16.779624208339605,42.13201565291324
211.54076966954287,-14.393668209795116,46.56462032691899
207.65882783778505,-9.530180916675977,47.13490562812474
205.31577079347522,-10.778699459225017,40.67946433434102
204.62274188860798,-4.31544291480886,44.175725991037034
217.91503254116648,-10.33254995898642,46.686194803881214
199.50853871965836,-6.364061239270938,41.27573559245843
210.1065554894772,-11.994909186556763,49.75382782523038
206.4862026718945,-8.32805521739967,42.47088676567114
205.00327571084912,-8.249120675238045,43.73347753555367
213.85302937001936,-10.773397585052859,46.323323570967716
216.15827475850313,-16.234957255866675,44.32113442933957
216.93077745390616,-11.088983633119126,42.56129757159878
209.12023107673303,-11.4295318777817,47.49300008677047
203.9093455329613,-6.3716609041927,42.93828341033545
203.89934178735552,-3.2876892792481742,45.56923434964567
199.62068760951533,-8.385546886487475,41.64389163499926
205.109279323842,-10.97463717950953,44.63677788689716
217.8838844369619,-13.81034214631277,46.10465386432427
198.8799354600976,-13.076549001010468,43.418918839297184
210.2044064262152,-6.686271515245583,49.787863059155484
201.84848335526357,-3.2444487193280973,47.706492615997675
209.7252671036648,-14.926557061332801,49.60535784107067
213.90695491448346,-9.861632425212184,41.854706706523274
204.45471444140142,-9.132106856735229,41.331776894941996
216.52343731151754,-12.565542270623832,46.08003624167815
206.55238210302468,-12.19973079590403,44.149945253332874
201.0778223472188,-8.514916124113501,42.93261074055281
203.7484586574609,-11.079268792080066,45.77388569719462
213.9845702375167,-15.652574676837029,37.955903200018724
208.96430348353735,-7.570205675708161,44.79414540425836
210.52640852266023,-15.508592763830862,45.25533872063317
214.25241095546147,-5.636148159919296,46.60707288160953
209.13880985648777,-7.63873679633626,44.71257716306974
210.1234882134613,-10.324309865400469,43.235152725440265
206.0251528204296,-5.285577766885415,43.407742688111696
207.67553365708815,-12.955567395158686,40.9163861824236
201.04399117613994,-4.161447289446399,46.22521310291853
202.06893563369826,-3.2812778377472815,41.74154159493751
201.33722558303876,-5.18369154978569,44.969135085170464
203.1191342112768,-7.048391799272285,43.384364603566894
205.16364083655483,-8.782572551879262,41.481196381372094
211.2240484239939,-14.786479686601439,46.96771962749685
211.2970645596473,-8.261829051602183,42.749560312258524
208.63785152442946,-9.133681818865195,42.257990445092894
209.93474317399364,-9.741324731900821,41.747336830335776
205.4200673897369,-8.353078593057297,46.94367848774313
215.15229770025346,-10.035797340751529,42.32339261157796
210.50897515772849,-13.806694778101853,44.70816309645868
209.20348089808246,-10.648786055972709,43.16801294167079
212.64678584614364,-12.28898767471966,41.72696120132008
214.32421527045787,-11.394353500625323,43.50568693278593
214.53224149668938,-14.794084208964868,37.70860456241163
199.71818892235748,-8.143261366349112,46.882278787490655
202.44664979225178,-8.23259360947588,42.764290835073226
216.6410641689145,-14.463589892679789,41.60644998506433
205.71699406128604,-6.544088294379695,49.530253831628954
204.64482079849884,-5.901336793942064,45.87718202198816
206.03914884783316,-10.56256109598783,41.35753785819868
200.05310899697568,-5.701029852904675,42.49074114171316
211.3894014643802,-7.864964369185943,44.44545972045057
204.47374257653763,-6.310043312703555,43.92658188971043
213.0713444916788,-12.222674709705219,47.601458916088426
213.64212677781504,-12.058309815005021,44.50970103115712
207.34403221333721,-14.621529842766373,44.348943502434935
206.47618541398342,-8.603896043203399,41.96999082427859
200.7986380112382,-4.873095446528406,49.10810361426032
198.18344634215362,-10.83245934603073,45.93615327261182
205.52741249627368,-10.321563566066756,43.360406790682504
214.9031282347273,-12.380272331634766,45.16026210777616
204.87337926166376,-8.786056250361066,42.5323197386056
208.24684084244015,-16.56043840319351,47.23821047865702
200.04153547728703,-5.767219890400946,46.33769854783527
212.8725819615853,-13.389031284337513,42.499240022878645
212.42216990983383,-9.478643868080487,52.459230706066926
205.8748169994902,-10.742352299454952,43.670022935094536
208.7758436426437,-8.827760585441842,49.61688961334921
212.92675574455728,-13.121640282560001,42.390035522150065
198.24594243002883,-11.175286926408866,47.36374848061243
201.70703122669838,-18.741049248124412,51.772929727200655
204.7734534344474,-5.477208984317657,41.34429102949226
216.6752161827651,-13.015020280684858,45.214658350276736
215.91460919090542,-10.583587218624219,43.63586114212281
199.04410989764352,-7.591864070099614,45.25295760066433
217.63592861462467,-12.693717570250016,49.53428080640752
216.8874691774022,-12.07769233651277,46.21641382138687
208.61063759463775,-9.977357327221812,39.2719518346144
209.98183582612302,-8.466086256306856,48.92405157382553
210.4762665966485,-6.15126398982116,44.50049968128446
199.06545157182325,-12.717367143922816,44.04016270677973
211.96469663109772,-12.402985206503475,46.419988819643024
207.97246049930493,-8.309157420064807,49.05249590511948
201.01978579175903,-11.208078532445965,48.780218610673124
213.67213264686347,-10.837377736165866,44.26646197927004
202.88598370095932,-4.748989105308208,44.60028288906983
212.98072827222694,-7.710557273547296,41.54367200163155
213.54697731912796,-13.446656115123961,41.46273842012877
203.5468736864796,-10.246457130065599,46.922209544349506
213.4135201217104,-6.158758958515877,46.40683800588517
208.9789374880167,-7.652507674104779,45.52025274007207
202.34058824214821,-13.061297994764368,45.87232639578372
214.29843969928004,-7.906439213504631,41.79827775724197
205.91912914185474,-15.287846308624443,47.20894052337948
199.88255465661229,-5.662487129091595,44.96236035556359
213.40096468392053,-9.241898268309871,45.54697941820709
203.87931153145732,-6.3777914049903,41.038215363529176
205.02212043411342,-6.5299781587775705,44.80589363671475
198.17718841106205,-10.142455680266087,46.95513112182928
210.6732835289065,-12.068404100702903,42.89138358649332
213.92553491302925,-11.825298989292511,41.356690968620846
212.13621091572878,-15.001325594119685,44.572508361107644
208.6874065580081,-10.826197502738742,48.64153239195888
198.23315340716184,-12.30091662937718,45.60147554253469
212.48467633891633,-11.48905972679553,45.1916833069039
211.56375722931432,-5.243692621396173,41.38826842906609
212.65909441801543,-12.051669499097702,46.60503553370843
217.67202814180527,-11.21030261471791,45.78967629874562
211.3186914986237,-16.106781846517976,45.06663253349491
201.39253280311868,-7.007522239124862,40.83943749596031
205.74258058005663,-10.867096529922902,44.3223167017902
200.85927016210218,-4.188805176605966,48.98250250990313
203.63954885392465,-9.582003931437338,44.30912274365863
214.9116547348845,-10.786301047879178,46.992747384943584
214.9404133436,-14.36603113223982,36.24982676995802
204.23073994470113,-8.028791491085276,43.60016286554168
215.3879984562917,-9.060275737276621,42.71140331916277
216.62063597626158,-10.08569464335863,43.20293729392103
214.44119082035473,-5.850565573814831,42.3785165795852
198.3750413678119,-8.650280139345607,42.067571741984665
215.14691100555663,-15.995420251657105,43.52109381052363
201.66213815595484,-8.736228752275181,44.57752968209613
202.43479615776684,-3.3810744657242204,43.77665392944561
202.01471214651897,-14.16641990562631,37.69137312671348
201.09542067533943,-10.610193722539009,41.84559339964309
205.51343336105282,-12.258649256819458,43.36089663560319
206.29249284870696,-8.53901397642927,47.384404787804556
211.80077888522408,-5.899486581276358,50.122702277201505
211.71448923088025,-4.030343891855944,47.01452003428683
209.66734518297022,-11.918093308569926,44.992833724605575
204.17157989830375,-7.22331734168521,41.3870379040428
214.9180262923746,-10.087857652948871,44.49843711833142
201.2899969651772,-11.864076091529324,45.90805817206076
205.0603795373985,-8.702420393626818,44.85475224019495
204.03696196532968,-4.934851277243477,42.60072183311108
215.4210941498731,-9.903961968411835,41.02537434063879
210.66889545614058,-17.28695412423703,42.201277401958215
209.0429372568681,-3.8856294394051325,43.768778514721646
209.11590037092182,-20.29770278421666,40.34421654928696
216.01882063164194,-12.937740858007015,49.30859578109971
209.22517699585816,-11.194645769310297,48.11713611150788
214.43828068598708,-13.16891945322293,43.730559576313205
207.72604914089095,-10.625857859116927,50.078730294943796
211.88138590456532,-14.043677541930196,41.57699361198637
216.98461788433394,-13.215059824641955,43.91563905947635
207.1206229470167,-9.489194434779026,42.09786832990992
205.54687312241498,-6.510044087156255,45.317423818109134
216.97036346091463,-10.044433684749388,42.05337411822638
203.5885226986522,-5.428064882388484,46.32556586534551
212.53844592494926,-10.188713060568416,44.906937401077904
203.48706213378267,-10.31704628272622,43.39005640426388
206.6168311763446,-8.663185316435909,43.034678365292514
206.50738902771644,-11.047441529437702,46.22933677503281
208.38737923079177,-9.971635149710732,42.36435566227602
202.35333519620272,-12.284879951552975,43.079397167604085
203.42596649496684,-10.509916289668151,44.19181440486173
199.7751721409518,-11.185096556955235,46.40073142581695
213.70167094248393,-8.948651592066927,42.866730221325795
216.30120530940277,-14.696647001313579,42.76506600361639
212.5891530218052,-13.881669159621033,45.14955806767021
198.09853197523697,-11.076035014152339,46.433034068819005
217.1724308227773,-6.7322523448619584,42.93911816596009
202.4029327383507,-4.117687342926854,45.83833847221864
209.41728919193991,-10.252447261736894,44.240911166217344
208.9344000761141,-12.479419169712873,42.57352085788584
215.64576156343665,-11.318876971613507,44.193989790499806
205.380963982184,-3.3783521985497154,43.18450791893489
210.8518878457111,-4.201259500993696,44.71910594837503
207.104619776998,-7.758724369704529,42.40796099761322
203.08839905292,-19.24220531166208,41.667460063676515
209.27856367860406,-8.858902634621467,41.97082525860654
201.72494207241598,-9.283323710797404,45.87410015274345
215.6862478286536,-10.125121141163987,46.85923302639289
202.8264195740945,-7.023539723915404,42.626959451154015
208.63703934710776,-13.058582593852782,45.67996543663951
212.87564501391105,-7.166832045459046,43.76223140014776
205.07029327175795,-10.750717237671548,42.87692740483022
210.44467059201773,-8.717167423862366,42.92282145665445
206.35633030476654,-19.186488678794497,49.77155719943954
204.94646411054595,-3.031838059845444,41.58661484372651
210.38131707934153,-12.650025715733724,52.45786134182864
216.70684417706278,-15.52666615412561,41.60032158007702
206.73798533251414,-3.0379223113555036,49.52996267796774
214.79674856222798,-9.774011985976447,41.75441795374086
211.30908976041437,-4.239273913923803,42.0613722579455
207.61865460835088,-6.960861650576334,48.29058507678341
201.07161605913043,-6.8956397898387065,43.15826389816601
209.56750008213845,-7.875886269133656,43.974925081643946
203.97799317653127,-13.76593030898501,43.91150735397843
217.87210099361954,-12.106559387066248,43.40168443761809
214.65636405512058,-4.951412745321872,41.31239465852434
204.62623414928865,-10.50336662850402,36.272061802944386
208.83741350325224,-12.84390522000477,45.76337869975609
213.92850248344095,-15.331599672546824,42.30567612956637
212.312666250012,-11.900132301344488,41.40321516686409
200.70707744016968,-4.2596773109823545,45.68690336574755
213.63507831226335,-6.996526198290001,49.768990662111094
215.91839428364452,-12.307871108552652,39.992553380134765
202.89741490313506,-9.87589826776813,44.68047506423266
207.30908403507732,-14.944408844470153,44.44661117279994
204.04608671415406,-7.861944112224982,45.62929214322983
211.01347026089752,-7.367505608706414,44.247430917840546
206.5924558387282,-8.199759520679724,44.459577156166034
203.8300330514479,-8.491269152880118,42.54614655051454
210.386943261703,-10.45708342269793,42.41785259637235
212.17165779583456,-13.034476364981193,46.048213125082334
208.16078098390898,-7.0021770847916365,43.638946062849094
217.18680908493803,-13.483707535696885,44.1827638499774
211.65832505263532,-7.336318060455726,43.25360301974629
203.68703164144364,-15.395241558552717,40.9457811657017
212.48182887209066,-13.09151196909274,43.51741550752008
199.93003662564595,-9.416979373031321,47.4625221131427
211.88689049460478,-11.978757176163368,46.42277131434959
217.85371486958942,-12.409726655169093,50.77777861595355
208.92418650984422,-13.324408885048637,39.173265418138016
211.64669233526888,-13.152030656268753,47.55035874921268
200.35233478535113,-8.959812011401576,52.09828325515142
205.54739282094755,-10.887297586799477,39.574146519227476
207.0389710800593,-12.645758378711617,46.756766738516596
209.7449624009502,-12.892388368648591,41.00943276702345
212.29915448557333,-11.487281988299246,41.52624978148169
201.51465261191518,-10.253964407046672,45.850789426926305
207.61826797217128,-13.16222681597972,44.1298100024254
215.86814681713608,-12.517086449289407,44.06756734683724
211.20743681456122,-10.939110313072932,45.39065823435916
210.73011256291196,-8.061735989647218,45.78333019558441
204.53661983055815,-6.127845772874904,40.97141685235849
214.275824984222,-11.53267437072052,41.53849185735456
201.08550912257883,-8.501219482587693,39.22099719740951
204.43277391015744,-8.719191803681467,43.36016414333933
204.84336591117406,-5.408493502589957,45.5124969198799
215.65300199346214,-17.671166906126842,38.060367721263965
213.1257468599886,-4.230405162922947,44.938485914050666
204.21469523492925,-7.4176381469566905,41.43399198339938
214.86145123010652,-15.430048536591762,43.831217197543815
206.37450481880632,-8.046383427820583,42.39885868972385
204.18107969069155,-10.432564079876416,45.678306440595804
207.42177792778196,-11.56380755619649,44.48538621393182
217.94478461218455,-13.701459110197176,41.173417630396166
201.26033120457686,-7.034338095394923,47.4922410807596
216.44881319785907,-15.11661770116414,42.778085242701856
200.69337763331026,-7.775160094609622,44.345286999048234
202.78109494921625,-5.704820617614792,46.102197040439805
210.71713558731713,-12.926753345914019,42.5518155911404
216.24928830495094,-8.765830556670059,46.9629308758141
206.4053656690908,-8.338243630584184,42.31137950564038
216.13358520867547,-12.020086342406943,47.403845582976274
210.7056730725645,-11.088026227633835,41.88564657337807
212.9760440583631,-13.765859075363178,45.65900714964481
200.9165298579281,-5.999477847202678,45.72754029919122
204.44255455158887,-12.26811808121134,43.5440221983105
210.78375956411426,-12.381561472162307,44.954264380374696
205.80504881581044,-10.860883098321048,46.68474202622956
207.97308844572626,-8.558560245649096,43.17639016257938
210.72452941822075,-9.024504406913577,41.0105584228293
212.51344642927202,-11.034493265177904,43.60794782934086
211.68203259306424,-14.3639125910018,44.54801645294309
206.86909425219926,-7.7186139164660945,44.28873523325356
206.55034034277054,-7.179584684235589,45.94299607651759
211.57407694977357,-12.281719181628835,44.58938548484848
214.77253857210263,-12.350455079164249,41.44242076078465
212.36017487043293,-14.010426780124394,44.142472505264124
204.3451665823538,-13.108064064199747,42.77762935538925
206.65135557690525,-7.034072027030094,44.56116266643065
214.28997290744366,-11.372084679636677,51.46710392232695
202.15260984927738,-4.946123157024051,42.69182782062485
208.08774030206754,-11.940412463364897,46.22529883268778
211.33013163022082,-10.464254641313762,50.17751400114438
209.41725459859086,-10.769971757222505,46.05515994901228
213.07933329051477,-14.151959573255724,42.846614161119106
215.06192810429,-13.67790138310747,43.606053973816046
206.99233064340586,-9.73300215009997,41.7009663737385
202.79522901868825,-11.94018436534481,44.07237740793854
206.69850910744825,-16.166451152936723,45.30993064268043
201.0552379582841,-6.137056366692913,46.162862158623064
205.9114319986228,-5.732264321776525,40.94484715814521
206.10894239802968,-3.572841352272675,43.554582834089615
205.7371587350527,-19.229048985781457,43.766957986911414
211.37219896318143,-8.038947744969251,45.78486938000421
209.18658613029817,-7.279319124929111,43.03707791488398
208.27728056798261,-8.651196647618251,41.00498990490694
212.03792335758834,-12.276606867977844,43.82983252748779
210.71859999795933,-12.645397630881776,45.984792789689116
202.15381771483433,-7.786800757760719,49.09472762181676
201.58474396099618,-9.364089773758828,45.00256909944109
213.34135170597426,-9.302138967814244,41.27399202833184
204.5188420777447,-4.559965193766568,42.194702393712404
214.70696579572711,-9.678114261965064,45.699987994704216
214.4816912818432,-17.36045654115461,44.31970159852485
203.5531747928345,-9.593837717215607,47.925931865591416
215.5128662679423,-8.038406833708907,45.8701368657628
212.08951244138973,-10.162589575345908,41.129109706808784
214.7872445443539,-14.291171118794857,45.82493299955636
215.14428629705367,-6.35684046994291,44.012339212987264
212.87587234944638,-11.70765648973472,50.350647993045406
201.77740180829255,-7.74464366611452,45.01052153230281
216.55428310387146,-14.956172478595551,40.97557144037815
210.28503787356206,-13.307341195092732,45.15073302223791
217.67653680872093,-11.709351431901293,42.51380306747279
214.7618233774511,-10.149169097995136,46.240534042682995
200.13981266720094,-8.149239940207098,46.36193454982598
208.70020627081286,-10.472734343542085,45.01917347495675
218.11527556622437,-9.388215179201636,49.658132545271066
203.81936626923292,-7.815924052436625,44.19142858328995
217.57843484886217,-13.719835794118774,42.44492256231229
202.23549978077673,-8.259995491289192,45.149361204374955
199.9706570654773,-5.771561521969859,45.83632714144089
217.11346807128106,-11.740550238875908,50.08160719844015
205.33052653392977,-11.510067768657375,45.59578846789475
200.09186213498006,-7.91613587325192,41.39752619201464
202.96448064859595,-11.859026055000182,45.61424453916645
202.2288471865249,-5.662280667094787,43.35246770152946
209.78086042932847,-9.133673420346922,43.023316820296436
203.589031190708,-8.012051528545165,44.613653862850455
209.38536214911124,-18.743283766517287,38.82140821541237
208.37664942320305,-9.461960992473909,43.92769387402927
214.2220295104022,-11.01133096561339,53.88648502132102
209.76607126405548,-13.535857884056329,39.70676727709745
214.6392112202311,-11.343324950542291,45.666066185189514
202.10493423401522,-9.369388418620968,47.357975514694154
211.3364707582128,-18.95183340066779,42.292129224528615
216.67301595006373,-12.883698499242614,46.99282568920913
202.06094141217082,-4.779280666289985,43.73052421699439
213.5225424143175,-11.19835917430527,42.38461473231395
215.3526070021793,-9.675920681528554,43.51938862231217
213.65144021664273,-14.759074771542162,46.998165397466494
201.78126717792065,-3.6015074062559385,42.23923207830475
205.24845736056318,-6.277770001090208,40.62547327302315
204.2518442819489,-5.283940795336856,41.33595899014231
216.28015400468644,-12.359912480466063,46.19727588824953
208.24087336520958,-12.265036988126177,53.236332468536666
210.127638415612,-12.755161003123373,45.266177572903
212.06361659595208,-8.853847933182331,45.75094255091899
214.33454985959315,-7.797163090437,45.89850813671919
201.94259286417682,-6.332806376920962,41.563332354061295
210.34048294191663,-10.374447429411358,41.14077617832363
212.46005778409025,-9.343614758124676,44.97808415938429
203.38107652397449,-6.932591558134104,45.85153161389778
215.94721515736538,-12.470677642820636,44.62123381127421
201.52234654104555,-7.457263609734365,47.64526856556975
210.22085321936464,-9.560112135260601,43.63782714361801
216.38023437575615,-13.471831115152092,46.579485938034324
207.91559626473276,-8.355068302859179,51.047784126189896
218.11046343973064,-10.3597288450663,41.09271410077466
203.92289429149898,-7.380128081241841,42.99554539569139
216.0013173339316,-8.63231224835689,44.77084409648248
217.01879791408112,-14.785021904033306,45.984942605499654
203.23970673839656,-2.9485738588627264,46.14878727727258
208.8291217630517,-6.5434111593385875,47.179207181770224
210.75109008556421,-8.746881043399332,45.55239174681617
210.12938488272192,-9.389554452322509,40.93777018017823
216.04762113828468,-5.586286546047466,42.65182840374723
205.1056419147505,-11.026062269989819,42.01376993688956
208.8588656763468,-12.463981729608994,48.72391784414097
209.35864838177199,-9.206903280044637,42.54389438641345
212.06695322185757,-16.133133803505277,42.42692570167803
212.74888693559362,-13.2819778268437,46.82935321353538
206.9326571246382,-13.79790855717076,44.322183674964904
211.75351082993834,-13.164174969729538,42.83596546842809
209.94954950699707,-11.213137121633036,42.692730731415665
206.8851375730533,-12.105814250906402,43.746488539554704
208.87696842428684,-7.211710733549035,53.5212272164907
214.51222859725178,-9.911069314297112,49.612944126939865
216.85998395273901,-9.203728436189271,38.850510381509345
209.61801129959653,-8.464109375001113,48.04724167793058
212.46212523476956,-17.16072476659435,46.321193790363274
207.44588130784604,-8.699083593104016,39.70493544727919
215.92710960303586,-11.777033071149386,44.522105026465596
212.49609089072342,-13.316782535387862,42.60594485340992
211.39303907244064,-4.282985210607187,49.26945901202605
202.0107559976283,-9.482192348690248,43.46357795212872
208.87849548751407,-8.317862654234679,44.839757190127806
214.69186925639988,-11.327512608784101,44.85665394130387
199.96460232027363,-8.832059412901536,46.70724893054948
209.2882769823191,-2.190180364979876,39.995805847238046
216.2103863836867,-13.645466421453403,43.400880603234796
198.5517546015532,-13.071002368330104,37.07043164921085
214.0357137172124,-19.094187674837023,47.2982238147071
214.07742487987576,-12.379237075184141,46.370166476280914
200.84722915332782,-9.831976568575069,47.93677967464403
213.7720706928774,-14.660284781200303,42.932571352477176
210.78791826078995,-7.817525096590361,43.36030479073622
212.69653923058806,-10.150917206976002,46.46684142444166
206.8475219804737,-14.805102524084043,45.38393315940684
210.25276713364175,-6.902966354159904,43.7392581158374
200.87527290566044,-9.432967208573626,46.782638419172166
202.01278276966818,-5.40656950334895,45.758051176404095
199.20265585940356,-8.883254705654481,41.441807776389496
202.59949600365587,-7.040331064827633,43.83831882313987
211.91750671114312,-7.740128206589161,43.0261759114733
206.29576619922372,-10.730992210678947,47.87917218654904
207.0284930064499,-9.600061816037291,43.01694198021468
210.2384718481274,-9.468168434767273,41.43959534367372
200.21546736573762,-5.496674591395914,47.90489837514027
207.15741278962705,-7.660415034675108,44.18948019984591
210.46061293822706,-12.04063594345133,49.95668760067495
209.89236715278005,-12.264371581585188,46.559154703475095
203.3512246643149,-9.716234074793432,40.073336155705725
213.83725388055132,-9.694542383181544,40.06786326838979
202.1737274773626,-6.7611590284762695,46.56671875159052
199.10203803271702,-8.065690053411435,47.77321071610879
206.22864876450808,-16.01685154553034,43.18507082288311
200.05755218481855,-8.745553570328148,42.32552656836799
217.83781669775257,-14.03111503061961,42.60513952649432
203.45242408469755,-6.833283823701014,45.41222031227095
209.08800942575925,-12.479962279864381,44.01543292427927
210.73138076986817,-13.219630731845355,44.889567561322636
207.74247977353727,-12.983654805301091,43.95791471698598
214.43905774741972,-12.337766854093205,40.77340164738635
201.60340401161025,-8.649208838752319,42.21751388013753
211.9743924610017,-14.661179586013358,46.344666901516405
201.3363605213514,-5.904727951091163,48.82368068249644
217.78597441872176,-12.347081010493245,41.95853957398206
216.08287633168842,-8.590427094529836,44.539725651420355
214.8496483483309,-14.750976078314743,43.90486245392356
212.95166166806214,-8.782468085623542,39.43042837134488
207.32894909701204,-7.978835579886484,43.84911690237253
203.40177900724487,-10.984625201231806,45.08536804561371
215.0716434409441,-8.849330617399987,43.39863552184247
200.19849579842375,-6.109346286814443,46.31235873459814
207.64318339639746,-13.745897307610436,44.889582775503705
217.66890532238557,-11.81321680680773,42.96641198136773
203.97872000863342,-7.395065966853221,41.63388795760304
207.17622034151162,-7.35785500602277,43.611051965866714
214.71870928861523,-10.44638740453537,52.14171643323571
199.768178199886,-8.281113348491461,42.950682023689886
199.52780585524948,-14.165900014759607,43.6193425005231
208.43673513079426,-9.955827677705551,43.10803102917925
214.12107511892975,-9.8975228031798,42.09350215996229
212.7848887648363,-7.287684579988013,43.56821810879498
200.8962604218097,-5.096922873245312,47.0156853251005
205.56848907156888,-9.23889531095518,40.388680458405766
201.62793012962072,-8.312612253919951,45.80834276799832
203.02689855447474,-7.799476322789674,41.6408336340913
203.31877631876782,-9.256400246451996,42.678703533038274
211.71815951465246,-9.7264921345347,43.76297121560542
216.0487940360822,-11.830848742013567,46.83516284034454
215.3931416254365,-5.5483301007915005,41.54029010267433
213.81332180357398,-12.360349396996142,52.65026748779257
205.94466002904525,-8.034243710840675,44.02608945153165
203.9526952294324,-8.19064753081051,45.95060508688471
208.67524942029962,-11.47481370201985,47.79235012602356
208.3459981242932,-11.239764004212217,47.767385880462626
201.42633317205812,-12.147500816192201,46.765616797791075
200.0721259613727,-5.670774631174279,39.99768870709799
210.4088436209895,-12.698660041548779,42.25408521849062
208.20112549888043,-5.135096494948741,42.94507448022736
201.13817212639276,-11.81491724323066,43.43232319204303
211.32481908283896,-14.817403920252463,42.18499082931433
204.729444052953,-10.053352457238393,43.168233964255286
205.54337614554262,-7.110734589635003,43.84832126749324
217.76724409657587,-12.248409429679356,48.11556381620396
213.75077984163843,-7.7997222577265015,42.30720120815784
206.79336904122277,-7.385070621799059,45.31832117511503
207.4384449542876,-9.073822429549676,53.59169712249299
202.25374409357693,-7.462605506940878,39.81654726284447
207.07640594855008,-8.777788134026641,44.18723204288042
211.34946751027957,-12.953496236233827,42.460983183956124
208.88484608286876,-10.85580468398971,40.125283658836686
206.38689182617247,-11.351950040689855,45.50128252614126
207.78680950574187,-14.335125295623744,41.37497484561745
218.0415138339383,-13.346735736861058,41.855812606270085
201.42487806092996,-9.507203959305622,45.980979618619585
205.34704342672052,-8.909746058154434,50.7229850887544
215.11835850730813,-8.77415087151018,43.97601495507837
217.3306021519523,-10.816014660364152,45.0675075008894
206.69677930442117,-6.7269773105923125,44.78416151803948
209.990347099755,-12.12930844484255,47.27976437093235
210.0932524841763,-7.655231714434937,45.28926191942692
208.17002771484786,-12.31407746500444,46.19772392116642
203.04156637600985,-10.391882868173052,43.884019499361635
217.5024772791715,-8.463453338165461,47.88781248363251
204.39092959709325,-8.66858220733378,43.44870750334278
203.62247411813917,-6.654012937730544,43.323173299621615
211.75106622566693,-13.490809960405237,43.8979454920399
203.17267953351325,-9.7985255332177,46.319448950677064
199.4192039287209,-10.956094106134204,43.89468642427481
212.60767408668465,-12.35607898268547,51.476550317315535
216.44237096186131,-15.173991501980371,46.77884049591098
202.98903292895756,-7.307647093921461,45.25475690116206
205.973642902517,-13.839063330276412,43.23143478183788
214.66954753799615,-10.746298711438143,41.801808264691964
200.45501535870005,-7.900749199203113,46.86257470512836
213.44884146383123,-10.712825936075076,47.062018204892276
203.19161974961108,-6.611188893305313,40.99960887847286
207.55173962095716,-11.034938221199393,41.951754456612356
213.09358169119642,-17.198859819173865,43.75556985740049
206.62532001962305,-8.591099945582817,41.821895528848735
214.02970353064086,-12.939429398959499,45.449626660372694
199.03621743528242,-7.74897233626789,44.47088971268879
214.01459276973623,-14.968491517520222,44.7229057246194
203.22024661233127,-10.296189495218426,46.075165859190534
200.8587468674769,-7.037000879992966,45.1882330087858
210.88200205739622,-12.021821505908525,40.855214146272814
216.73000772625443,-16.477389789461828,45.40953831940208
208.2800886619748,-10.70006430398254,46.095653937353205
209.43305826455236,-8.500164008306465,49.75143970156098
203.0250323719585,-3.71392226097878,44.46342053288552
206.72258842530826,-14.628832902610322,46.80546549958526
208.41727700619685,-13.249664569668775,44.445537470490436
212.48600665260673,-9.356878730200023,44.836996489865385
207.0231540114411,-12.669107420792367,44.462737526510885
216.7374615277398,-12.526771550796395,45.32836004255741
203.48597696279654,-4.425444133391676,51.1988735390756
201.98212289244566,-11.667936235126545,45.9988732938731
216.32159661989593,-13.602655978054228,46.78989419484627
211.82971135143876,-15.715480657357988,46.09604845569118
214.69806574170093,-14.122342271378386,43.71722177115981
209.73085137991296,-11.5733983961899,44.478280620733585
201.08761074237265,-4.790196384897372,44.18544942788878
203.96164638582547,-5.948639831156835,43.70684341115832
206.2226753124139,-5.842560663850365,49.56447867037115
203.55057811385532,-14.838747635036004,49.968674088008015
202.00196859077838,-10.449804144521407,45.80858706235447
207.460466185255,-4.804266488185665,45.144432492597666
210.97215066958276,-8.836227903043003,44.209316546080125
210.23054157073895,-10.452239956710336,41.683775911798854
214.30128112583375,-14.718066681107741,46.09777512709428
204.73146685028496,-8.35263926874252,43.43381983738005
207.21236499837897,-9.712479980365856,43.87316310305174
214.90136516108743,-7.11467009744398,48.1159007145317
216.3814274363531,-15.929395137710761,43.77692697968575
215.55287319095493,-15.991755214655315,58.45965032429855
205.27284739829722,-7.8919269788006305,48.7924009462576
214.40271976016436,-8.971236631868459,48.72178029600772
199.99174584560578,-10.619130797644496,44.88524992377549
203.12979853124952,-6.622891036912827,45.248597420980914
211.18748728039435,-7.436466590092124,45.95273365124038
207.37946976365953,-12.152367976749167,50.895470974094025
205.88326308677503,-9.899572480010828,45.55391186402877
199.68069133808785,-8.673556482743068,44.43847548909861
207.08089934848945,-11.119184111638598,50.987843131685636
208.39022377287657,-6.0036255663907,44.95991439925867
208.91322582833268,-9.337283192804094,46.60474931226741
203.1369858652377,-3.408246272040459,44.72048293343399
216.83847834777885,-7.416826610403143,45.50946081423622
199.57482465646473,-14.414064061422222,39.282141095047585
200.77516889056682,-7.213547035154611,46.276805894433906
204.2673310626791,-11.775307906834152,38.58403138297207
217.40914728212533,-13.442649285760135,41.58005716252489
211.8330427811559,-3.7524852645740023,42.15684256809228
215.07565388696244,-9.503542552760488,41.876767759244814
210.52691563213966,-8.518397031127718,48.18899253281647
218.1301377499197,-11.009730175815385,43.83021818182388
210.9339044479514,-6.150744664286328,48.44898526253263
200.13012930249926,-11.073148583735458,43.16240444708747
211.73092235318217,-11.577008258773407,45.2779796575052
211.81236131133596,-12.129613133470073,46.32735553595845
208.37379933696425,-10.211096437455172,44.76591494871483
214.05705086767315,-13.764973207142503,47.15384835897339
211.13585056141076,-13.149149021961213,46.906728714869814
203.47933413959458,-10.1097521514922,48.755499778943694
217.6586392507954,-11.490271988779915,43.36109047504006
210.23805922601835,-9.485225472125046,47.54670167961247
215.36507641061746,-11.647118175845264,48.48598548155367
210.84529357319312,-9.60926734329621,47.406606709234374
201.1028338439263,-6.509555889177827,42.08480918449617
213.73450417442527,-10.197526728433063,49.914437966212155
201.18877930487432,-7.955668788453518,44.6274180276114
204.54475339010128,-7.720104904265104,43.406274035304754
211.0286004562063,-13.270789911462947,44.519070877500276
213.0787720278204,-9.045008007274806,38.42322279089592
214.07646606096236,-14.125513660944835,52.234830852986036
215.94182865445055,-15.36053158571637,44.39517751443222
215.23039059113017,-5.323201517218866,45.571817032061894
206.6182792880736,-9.657990670498693,45.95270039697256
212.09138904372685,-10.722522073898041,44.168618646217276
210.4825532890119,-14.695696432404914,40.70800999778837
214.02911005745554,-12.228142657261648,52.9137369035106
200.16987806113633,-6.224788637698235,45.899611333260786
206.34661139641676,-10.106060376656334,44.576876719064245
205.74368251291475,-10.829398045783638,36.818499772685634
210.99581045089406,-14.303223198015646,46.653675087134296
210.65695516674526,-14.182850085075527,41.23004831724995
200.50675879671053,-9.999385644354158,45.378818643770806
214.0364029110973,-10.757493405656028,46.34682323645302
203.0666506032867,-16.54056854942902,45.016854523441594
210.11433454615016,-9.905260560334925,44.979217308653276
214.80797236874145,-12.410388337044445,50.02829278259586
207.63265283739693,-11.32324932490692,43.7889061732008
204.98470477500035,-11.42291948912473,44.22736339901709
200.3016331975537,-6.888860747943124,41.57346659114808
207.84486636849857,-7.238565673730259,42.97658553272472
204.8300193374101,-7.647719556548678,43.44570621253809
208.93576273573916,-11.009946885890226,47.311300713776156
199.006764392617,-7.782727232658302,42.229810013746786
208.25062920223402,-12.771402753034495,43.94943896660635
200.62779276193808,-8.548083828222364,45.599966593903304
204.3175870368992,-15.477470166046649,37.847243898203956
204.37673551269586,-13.106389559566152,44.01175794095317
211.53107479060327,-11.23651014794764,44.69132473605188
216.24920008561267,-6.837457108991438,43.285258935581936
212.69042387642293,-6.337852163211773,46.003616033736066
210.99553801138214,-9.724218670064962,52.278577194051046
213.34594082502682,-10.439708815407087,43.45475880515718
213.82496999510377,-9.375603157254995,43.921728905650546
205.46106797071647,-9.128144841336995,43.93369647785219
205.62394166017884,-16.989840544261927,50.210473915565196
215.23027463430964,-8.09997260546495,44.97290350958005
207.16161027915402,-14.00748863202326,41.73749993106966
204.8249493036427,-10.687502558887832,52.62005345598783
209.7689578536447,-13.075744895495319,47.77530521312933
215.98425057663107,-13.564592303681303,46.583200777717416
210.28695252241766,-8.823272978592332,40.66819214549438
207.9146886296371,-5.182405896414894,44.07358505011107
208.09647902758854,-12.056816701598535,46.12520606450853
204.0814581609156,-9.502432722552832,47.629780089888605
210.6700336313591,-12.852923073723199,43.31617816290184
213.4088503750511,-11.827355607463318,45.16178690713968
201.54873842200044,-6.470984961693951,40.34401766952752
216.14291095525158,-11.88327137106883,47.38851009938317
206.59598968893366,-8.754216883998282,42.87610692562546
202.63456642620218,-4.665929053078321,41.45786916045731
207.6171822386286,-8.7838277715155,44.23687076786603
212.58212060591106,-14.807387300483507,44.88283648497948
212.81009776452353,-13.628441023540521,43.25578817137487
213.00759745862385,-5.185995672293114,43.19252824392858
210.0974601256406,-10.02418540160208,43.24767210486232
204.6762195895302,-8.230705189875588,43.44648937612457
209.24014099738693,-7.579520958206811,39.18623329969224
216.10712913708758,-12.176183187004707,43.2633795150097
201.15940397254363,-6.218721898714524,46.22093130891686
210.03372389189056,-13.282642636806694,40.774582848147055
202.37933620210157,-7.854270921434021,49.687529783954965
212.21556675850752,-14.926556949200647,41.91522967155385
207.65839523058222,-7.403504893977136,40.74720871343745
215.720506638637,-14.510154542540787,41.987085412175766
215.2462524548333,-12.297858295917491,46.68677937801574
204.5017326557746,-9.929322311096625,46.16970029763318
203.33576352016067,-7.931527418052582,51.89285698937699
200.33374715807753,-9.464494570012404,46.29370181972876
202.31507214773688,-7.3973526051573035,42.986817171624466
199.62951033140456,-8.765477059606601,43.63476448119915
215.87296923006394,-15.03699637615351,46.32148776538971
211.79714057166288,-10.788940222446067,44.40035095074883
204.82000416650217,-5.064399030526022,44.18425720223413
210.19204732920434,-12.307208731516855,48.89214666487673
208.1741268600306,-8.497555288187504,41.31736285832584
207.83749005474638,-9.449098299323047,50.656873379552664
204.94803433468502,-11.380053361385764,43.44155631938635
205.6418544129218,-10.110060896523553,45.11797826303132
198.48405252841954,-9.741648608262752,42.95050339909659
199.8566386986168,-10.281063973222274,38.91180014896383
206.00164617050177,-8.773218311322015,41.368775180350326
202.96102576656264,-6.555764612225965,41.63206841851458
203.72223194265624,-7.651550097015168,42.286620175435104
209.88398053232515,-10.14165997863242,43.790133593770236
203.02554466717518,-17.22253914135865,45.486015296050766
199.94397338191712,-6.723075599816554,43.777828678837125
214.01385860947948,-10.91368344776632,42.23958786172679
213.3768856450645,-7.1022799145500155,42.96096630604607
198.52241963394314,-8.854339065876289,46.47554990303595
208.18368970674183,-12.224764376148359,49.06591518775397
208.83446543446203,-15.630925438508886,44.47291503583607
217.34659722546658,-13.749255605128957,45.24642454221576
211.82770998013171,-8.39910573248056,45.2058273805814
216.71835089189779,-13.205383589630424,51.06279695679858
211.99177708468505,-9.279970085633565,44.08891468448526
214.92547002823798,-13.914530049561185,41.51769482267296
200.61485572963105,-9.568727238436713,44.55762586426122
203.2414581460382,-2.5567908677854603,43.8946939520469
200.2460329723745,-10.811637931862132,50.59923721921686
199.73661499820946,-7.053150953473184,41.94322041235536
201.40663149232893,-7.768504941488389,44.02106174260997
209.3625465203949,-16.9222757589171,46.718842947753906
200.1314658241925,-10.823110644696367,44.85693059358638
199.50280792223123,-8.712075422804979,43.280186199891304
213.11435242917523,-11.534161840524774,42.54003927398289
203.3567179535372,-14.386581844036115,44.56812546915083
202.77618650133704,-11.059883873058883,44.41337214123908
202.27603729653646,-7.643639103773731,47.432141628425576
200.59767249996457,-8.07675657929402,44.195998089204565
204.35295481584043,-4.88984299793342,47.83731970768375
210.13362332152371,-7.3159356708177254,38.72430512233779
209.78221421963656,-10.137257939956802,42.173908168056
203.5272706643299,-6.206472114092413,42.42167723983926
209.95909148624312,-8.408099021641931,42.585506913230596
199.13377284627455,-6.445959309049908,47.95358460662126
204.45438565800154,-4.625017548340349,43.77658735914137
203.58054081815067,-8.887874054615686,48.68453441610168
214.6263498524079,-10.693368073761798,48.617726480212404
200.70864296167304,-8.941901063224444,45.607564072227966
214.54351935454986,-3.803227819307796,48.64963482161472
205.35451504358863,-11.315941807723817,44.19455231011149
212.72257945747927,-13.597693149035,46.65862213520533
211.82250072570753,-11.069989338663376,42.49837791910682
212.31792954561882,-10.619157017249899,45.63743673265209
212.62199639105492,-13.657391289753855,42.24996960492286
215.3858915843274,-10.12412760252525,51.299918746320245
211.17014769352096,-12.888052157881578,44.27025202709177
210.10296785584234,-9.74466397658516,52.40095025226627
206.35461068182215,-11.652026700118594,44.924670935992445
199.38942875025953,-7.045694866902236,40.42001323379459
217.29236274049035,-10.244946759326252,46.5350586042821
216.64858488079565,-10.781274315196404,46.43153761284035
202.19500383190564,-6.702487690382209,40.43298000353357
217.17028982037687,-14.257022581543614,45.35108097049703
204.51277766820624,-12.637272357328131,42.2089077021945
216.998005360337,-10.199908603654924,46.7928733870753
213.535653850214,-14.045517613682772,46.16008132209368
208.6178274286187,-12.546679422261219,45.33661143600325
202.8112313228427,-18.3652390428625,51.41992179812893
201.22101245541035,-10.355414265045988,49.61644015538873
204.3413933070676,-7.541331166796939,44.689590380115845
206.90885713062468,-6.87886863955955,42.630983746569214
217.09809325862471,-13.748275135966782,47.938366959894196
211.65615290282133,-10.25638401012175,44.76417107357114
204.0461340879478,-7.365263078768302,44.804350697841656
213.04210430572107,-15.232467482056082,46.79887156428521
210.28725585947214,-8.492726218109807,43.233966845601856
208.44451305577192,-6.665621096235928,45.48379852374709
201.42212343971718,-7.727314480991683,42.25442275699684
199.8152325658858,-7.267424943477942,43.70046562784748
208.2239024046176,-11.1631835986847,47.199929820492216
208.11453325154596,-14.072573528226952,43.201240103655934
205.2041432595331,-3.115280859612634,43.97118673558596
201.90786367806297,-4.887547677845807,42.276926544241654
202.79280119287603,-8.668274387800505,45.082204155037154
209.5018570479369,-11.220174448146677,45.934666627278524
205.8792872042608,-8.072477235659862,42.979690559934355
215.25987539446666,-8.744528384824731,40.88659473343471
209.5501079967558,-1.3597256860056963,49.11033567642731
202.3491307850347,-11.014848688751718,45.80284700738721
214.22463386357046,-12.736593237548481,46.23021357293932
212.91483115981288,-11.75940114861102,41.26905621619019
216.08466961714709,-15.023047461791776,41.65612184828724
214.88878848702024,-14.05978599045514,41.359937887529554
214.5409315364375,-13.260909599233525,42.332562339191504
205.0203339110208,-11.026526284720555,43.51907241128696
198.19100445512035,-11.353404845012392,42.272638576047086
215.7551165250463,-10.558279039166177,42.819930415448766
200.22349208506913,-6.502018728999149,43.542916386184146
205.33242962550622,-11.640698110648309,45.72203113759101
209.63938049165816,-11.608625630452803,46.22577836490695
211.3589640624091,-4.574447884643629,39.26641179628105
214.14013382498263,-16.63897819171717,46.88949125233612
199.71192103563374,-6.997307463282319,42.34849416644474
208.5637744176475,-13.368087211147282,44.736204428020066
212.40094102640612,-9.773706469263194,38.821156760870856
210.68655568720604,-19.600053475406053,40.34267761489536
201.60908197658495,-5.139782963648929,43.671658628234084
207.5204426802889,-11.805311067525512,40.87931911024306
214.35034804064878,-13.608625835075896,45.07089749689559
212.8368068254763,-10.401011608237269,49.25493737441652
211.58000259099845,-4.790695693267181,41.95729575793153
203.63060467742272,-4.016401089351954,45.03249794051757
200.95995007967468,-5.657412457142961,41.24954527767223
204.7131968883738,-9.09787824782677,44.29291276458522
212.51885728346954,-9.591060346555112,53.22830629373616
212.2808865794612,-10.564901564705172,41.60946490683196
213.15120267337952,-10.012072089516165,47.07034261967669
201.08060631163696,-5.893408418800758,43.41317303001397
198.73971668965808,-8.060450041281744,43.44011743015324
211.82120446511996,-4.598945950336209,46.400679743163494
205.60553744001032,-7.179725917747551,41.28713348225961
201.4129753247257,-8.715404744639653,44.62648593371499
211.26920270961494,-9.39243799063525,43.8408530564887
213.79141747039012,-13.458841632012161,52.70881783916976
209.12145358660993,-13.539349672983818,40.286304647477614
207.98625812674862,-10.79411815215456,45.414817817054185
208.1587891370641,-3.3111649549892768,45.5014525839672
211.530259556451,-16.662592611015402,46.02589767931654
215.00324485427848,-15.69877102081139,49.202228954153505
215.90496601220988,-11.377519693940885,47.06106023537408
216.2450953012582,-8.599056146146106,42.56289768819657
210.27426899613891,-11.02281617116154,45.47999833518453
216.97519517450493,-9.603397681244486,40.89046339484989
213.88255563180707,-10.181235828037456,46.32308703791216
202.59259204882264,-5.057922945932099,48.8695984784366
215.89885411085265,-5.546352049382786,49.37009367037907
216.19461132980143,-9.191209386259123,48.46156036777876
212.0285166542655,-15.85353327788956,42.959107608141565
204.4612540348896,-7.564531073183782,41.30615708489748
201.36041714858578,-5.6780275379596565,44.85314568124156
207.20331484710226,-9.666687771632041,45.422949309760966
216.29926592683816,-11.680183121012156,46.84648721027914
204.4894116261263,-8.57298961470601,44.918241876604085
210.74830992110537,-12.831372773671404,42.68914022657401
206.3986905240852,-13.618656576565183,41.92571685919976
204.86747590611307,-7.01886247747907,44.524799070516245
211.93741570499319,-13.579112706854852,46.25663662854618
212.26900342443915,-8.808057724852143,47.942117231586586
206.74379743485872,-9.93526610364612,50.06136200739707
202.99691081665273,-3.095748215515383,41.61126336189313
207.8889121834352,-7.220755279689118,44.34928243490628
214.64622486043405,-13.820431025335921,44.969375758833316
206.12822907384708,-11.504960932107538,41.73786784358108
216.3719772098418,-9.8104785195195,45.201113381248916
211.11058515895644,-9.22306324565171,46.34291954119968
215.080776987102,-13.307906325705195,42.30537993484317
218.10789655553955,-12.978547074095756,44.217071843382286
205.3428165539616,-5.7828461270378595,48.72083152385135
202.30251129759603,-13.234250110515987,51.880436558016214
215.363307656292,-15.50468672546521,43.38625622377789
209.26329833390392,-11.062133960276242,47.10992523742218
216.98704312126472,-11.708436544219854,45.547190757733105
212.1775725986613,-15.206771374130168,45.61810750147347
202.74409166337807,-7.34533384350554,47.24233831849949
213.8723732517617,-8.917970910678223,42.44927499552273
199.49496387210468,-10.275514433801208,46.70369060484839
204.93836769950263,-9.601956236935745,46.026525936051534
217.23073089077891,-10.501172042430825,45.08162087887145
210.99337311188776,-11.946294594133327,45.21483137410241
202.32963515412098,-4.67210395697928,46.038952475872314
199.04988816466496,-11.033225527423468,40.08572879560941
212.21874134956653,-13.176257372161098,42.25491281763375
210.4241079132975,-2.084591612435479,48.63637409083874
207.17869577366548,-9.545879547818926,43.101386000775804
209.43677689328862,-10.245009474291626,45.26578624853514
210.8584507891525,-8.99435852985919,45.47530457165859
199.73301813308638,-6.245950660881883,48.51461900341418
214.54085957527852,-10.943118382839202,43.128273850719495
209.09921600040613,-4.564547682306646,45.10513186444304
202.55646771571742,-8.936732963680406,44.886445861242514
199.89711891046767,-8.534084718506593,43.602352992501444
211.81244322371296,-7.332254753568147,41.983938046141056
213.74678877495398,-12.588974763611397,43.66987840301127
211.3913953432333,-7.574206007011023,46.15516453107464
213.92313457241843,-9.040655936259363,42.260064933312336
214.8171697017106,-14.620277064553022,47.547081482266364
214.44637404379372,-15.392425645135008,41.96871454331962
214.47552177979003,-9.922667459081195,43.79364174537718
215.18816101740254,-12.466949756010816,41.63619641675035
204.1770114116533,-9.821109063592594,44.90742090859891
210.23083987712434,-8.439870915013895,44.491935847912345
205.3743754570238,-10.432130372212928,47.12201274647585
211.22197853680058,-15.276879843847931,40.39941810451997
209.969130982372,-10.98483777124579,44.05073454960831
211.22853191422445,-12.344881077510331,44.208435153022705
202.58092258385742,-8.103676173325583,41.779304792180234
204.18599184775047,-7.878792602454547,41.60718176544514
203.074025055626,-6.59610750083398,46.12719394322015
201.97290505387568,-15.449287618552626,41.846194476376176
202.5768815944196,-9.008001934023238,52.115299630970966
202.1474543600347,-8.763457867284838,48.32173641915813
214.5068708345179,-11.220523677816125,45.00212135667204
208.4765171798708,-6.748947114465589,44.52941326967392
217.56847483523455,-11.090770912389626,42.99849508207053
206.7222855723271,-4.57870283782499,39.823760721877505
211.87141551772348,-10.467819848594148,42.146821986118304
201.75252372628657,-11.332980977827582,45.5707992716408
202.6251272576441,-7.006226001849013,50.26818394463478
216.351970265623,-16.282249478107783,42.83884882063835
208.7460047503309,-9.620226982398648,45.17638194320035
208.46162382718347,-14.836046481145827,46.84081916584372
212.3324906703623,-12.702921416811956,51.08466473083513
206.283568826896,-9.184444376893278,42.71093366989614
199.43867838567385,-7.1179225211370625,44.33501831401342
217.51113209754817,-14.162314567882195,41.1975200430144
207.72948968676624,-4.488707196522876,46.065998394287774
213.64859710896994,-10.880324441225346,46.46373982067315
203.39522787190685,-5.903808313909568,43.064864220598885
216.9885135390205,-13.3032962803333,47.559614030500235
213.99241667157395,-8.159111909322574,48.11025545406197
216.41680353660826,-10.506010965619042,45.80758419652334
214.93753886462875,-11.049285387900238,44.10050708616215
201.6193081335671,-5.511566323594751,42.08551566229613
205.59389396066814,-10.371514965903225,45.89665467057689
215.0501206335916,-14.261160350711263,46.13681458328918
206.98454234200037,-8.72406204992328,45.68999730847902
210.6118653982939,-11.240936607004286,43.34417650763522
207.39323628082605,-8.776696721736016,43.35436649227486
203.31216553551752,-10.614428609671936,43.945817943862636
204.24787578112955,-12.14745282195924,46.595153061489896
208.83614255638864,-11.856212363679589,42.71085525308827
211.1901869755346,-11.866441576288107,39.84616316754357
203.33562799363085,-8.276111988490397,44.6770712163002
210.26836052597315,-11.00659762891447,44.19572852070815
203.02202211543226,-10.57586645049464,42.04696127359715
209.3083221511744,-11.556068013117011,46.11116850551266
212.3803413841769,-12.534190640168992,47.41803454385244
210.31964693368897,-9.792666909638234,45.14305042119496
203.37078547755382,-3.3356658707483944,44.70041970032855
215.07273224131842,-15.831938495524643,35.895780220174224
214.1756406371695,-13.015999050606428,41.611678801107956
204.2708327667059,-6.895453837016589,46.88336564196604
207.81112299627674,-3.4345851089704342,50.959593999414174
199.6529686968674,-5.8430657331864495,43.26540600000119
214.738062754924,-6.815145782951618,43.017012560727935
207.58886361928515,-14.085125235334383,49.26527261159122
215.90671023334156,-12.387582087905503,41.25837551386934
217.5326393576851,-12.302076058152986,44.920172964902655
202.10189380230207,-8.004734384972409,43.429287067891096
211.29871801396484,-9.857706914510539,44.81838997597525
201.22070362728206,-7.902605992963089,42.33286514188968
207.91646927068095,-12.453755773541552,47.13863058119309
211.1883454993711,-8.964860405859957,49.90734820421391
205.39019417064384,-7.426928773615257,42.29139880849624
211.80925307236578,-8.325175874585897,44.95337451149569
210.38088835989026,-8.215393429668742,40.4754931730916
216.79869738081973,-11.188014902183465,43.797402233849546
201.68500185369007,-4.083053015766258,42.61828141243198
205.2652173233324,-8.042405035661243,45.203060044535384
206.81876560297425,-12.490648344683406,45.80060729528542
211.95393734403612,-14.202756023905387,44.97631968981082
203.7683837478382,-19.340647021346886,39.728856322904356
199.60689850861272,-6.444097854274713,43.82823387901159
217.71610641849625,-13.038345219186048,45.41885019581201
205.0181927030922,-10.881633474633704,50.417218399303756
203.21718756458782,-7.94471125440158,43.12727642621075
201.30818402599257,-9.158533681808866,42.351510394119906
213.2863148549484,-10.076811783941446,42.5985298611514
198.51082352733332,-14.461124665015548,40.86868925250428
204.1720052022363,-8.1110778993508,43.92404470729035
211.57737475325408,-12.03976843139962,46.009908372851456
205.67263948710243,-13.280111299257143,44.491200037939585
215.58703943932363,-13.523659009688812,48.32447125808043
214.80696177184475,-7.548516941420277,36.65027939301999
217.5868074100856,-14.485353682637104,45.58838653791308
209.31412869209103,-10.847897439516883,44.798256643361874
203.14702299174317,-12.109651965169464,53.180739645191174
205.09027784789026,-4.282453529885041,46.45978210455492
208.89540979734048,-7.686837005475452,43.741571638538595
212.8970742629591,-12.649153820334485,42.46844397222292
205.6535093062964,-7.165372470405182,43.636163814310336
207.27890030651565,-7.834345268133475,45.52940543557315
210.7724496907096,-10.592291991452571,42.97836281244178
210.05495168819806,-8.856211537124187,45.37474200394223
204.83602785048888,-6.080369103497589,43.76960679283897
217.54538217151597,-12.781980910149505,45.75157299394942
215.2562707757978,-12.94248896493286,43.27033337166811
205.78560273891435,-10.349679877988526,42.0387884309387
207.35238365738275,-8.191998459222495,43.52084944009132
199.26911933965394,-9.30007992964879,42.234857045900185
205.8535496358824,-8.25489827334906,45.093306966456424
214.10480186301882,-10.884364877814729,45.71349079673594
201.98380692737933,-9.805792346857134,43.892918857610255
214.4962660442244,-13.039840139959267,42.96310233546748
214.05854954932778,-12.65568956392197,39.812745690596074
201.12209928864144,-6.742384041551038,45.752998996038784
207.77492501936766,-7.563424706500763,40.331831679901676
209.58040824593058,-4.742523155419982,43.31058936368161
207.7266260995582,-12.224678256155295,42.627849473946334
210.6565313557414,-8.881876771452522,43.35375832438299
213.9442324720465,-13.846260621187286,42.226838344699495
214.97204274100625,-6.437229603154892,44.662126942431826
217.91014261240986,-12.938180005374193,44.20017834176742
205.7439320149238,-9.266934940454474,48.60490415855769
201.74673864813695,-9.70510489647435,45.46758371441279
217.94370156990962,-10.068685637454706,45.489608959212916
202.4072110732509,-11.468838360792985,42.007678013187046
212.0439290898911,-12.291523459679143,43.90893019936025
215.25606344391707,-10.232558172283039,43.637948462868316
215.90277780337473,-8.686212911611655,42.853232598210845
210.30072616930016,-10.413235935433251,45.021223195122865
217.57255159593726,-9.60381126549474,43.52756649147827
216.56731478684657,-10.86954443711226,48.866334040448514
209.001876088435,-14.58598844933597,44.92836135716868
204.4459309412319,-8.082944013155398,48.60921079722062
211.75987496361716,-11.182775417454232,44.79939796411027
217.1562929458556,-7.654099543523096,43.74386291458066
199.68236683678242,-7.7767664484929275,51.691991768301115
208.5912042214821,-11.473549485052523,47.120930109202895
205.799075652096,-7.684017006135909,51.634088836015664
204.26199132725873,-12.244919143302516,43.08453785501108
200.8158578854298,-9.035162457097988,53.330881561011104
204.26533896429612,-12.249691201624039,46.698144858622705
202.5879927285142,-7.8174890872120955,45.102175041025305
202.4064006363015,-14.369077124453048,46.93958413348611
210.92831411582895,-10.819566569369398,44.85003722699066
198.47150316452755,-13.866454552273076,42.681342722991054
215.83537046621734,-15.098440874339294,41.97707228135573
214.84219138788865,-15.956382904953072,41.440737240350906
210.42959504840005,-9.188482223140038,45.5268401153952
202.38989732276747,-14.540033384788686,40.957747431708086
207.380477640631,-10.487193389388185,42.59034724795466
215.59457138756437,-12.695188279163913,46.35919001931472
207.69623321479213,-8.774638576302598,49.2091495010134
204.2534960519646,-4.869543940761782,47.40608042537987
202.8879545115309,-6.150971479419074,45.734744468931225
216.94274455942116,-10.622975392955444,42.242645105301676
201.52364311437603,-12.725051109986651,44.922444074666714
199.03201988082444,-7.303344862240222,45.21834300566466
211.14870650849596,-13.110561089566554,43.30120257888869
208.47062840233818,-13.35492262784459,42.67750643766625
205.18759676977015,-9.53319017290005,44.23423077508611
212.7940181941772,-3.3782585738389668,40.225105535363184
208.6198054870176,-9.602977127436922,44.979082269110066
204.188292385619,-12.132363480417027,46.913493963454755
199.45157336405688,-8.287698069253098,43.1091852120361
206.04164927139658,-9.345249059090559,46.42731583332371
211.83554741774873,-8.134976408921702,45.852043237903985
199.99043630765686,-6.208203920224075,47.05951325040958
214.59811749322023,-6.731390757219115,43.885632224340185
211.84149569219971,-8.967108006202757,46.545223383601055
201.21053872418844,-9.019231110532267,40.760771526561484
214.5332132578356,-7.081251269233678,47.57751733668724
206.13602046613306,-11.567870755063428,50.87805048353869
207.70270439345555,-6.509045361828703,47.79834922450581
212.9739121516969,-13.21177414430495,48.35504432490526
206.53480573451708,-8.83813633193528,41.29269789246905
216.23403996890505,-15.005774617136183,45.69214958272219
198.57891285291453,-10.419444989533208,44.77716276328373
213.46427921941003,-10.61571938268125,45.582673448973146
214.95043452068876,-11.823055004292293,42.535421516093884
203.1709976189841,-6.6987327254676,44.50781048772097
200.7144942244038,-6.389499233544484,44.37219868219315
199.20300226605315,-6.656303098506965,45.34051531953864
201.01607015711406,-4.888128739953699,45.34899278772498
205.64512958877293,-8.089408111630547,47.64064895620659
211.4177133964184,-15.271025215240522,35.26199266645726
210.99795280705555,-5.544323858390745,38.593717289250975
199.50970302520182,-9.0449722421928,41.866918794162075
201.20589974640106,-6.825933328601715,44.27152674245589
216.02622851726025,-12.214411748882396,41.500504148164254
216.98938088623066,-10.269124461925834,43.202798806240764
212.63149366072636,-13.629203356277149,46.31115117228582
209.38536269722383,-8.708351431928183,46.99343597097499
213.3220305667661,-9.373656003140512,43.63693489364888
209.81901244637044,-10.589538801651948,46.342740731125005
214.1131729520368,-9.909570973677331,45.23856106698789
210.4916633251185,-12.435070037604318,45.387699332669584
214.76348787754873,-16.4075982727272,47.12317344985507
215.92650123105497,-11.441997308805325,45.33355139351712
216.5191325981368,-10.0703324982863,41.230483419028985
204.45292417692502,-12.332589659781467,44.06261874870391
206.115402798568,-5.4932464823540865,43.36611638742597
212.58912835049313,-6.805067542781916,41.84095572654954
200.29000563190388,-6.980892179368406,41.9469287602528
202.7802723843214,-5.994993836093577,44.57690930993123
217.08393430812058,-9.598849640898855,49.40259964255426
199.43019631313078,-11.551957773349875,38.42441079062582
210.39682584692557,-14.788851691923165,35.69433432622848
216.39039979043503,-15.652247863618788,44.27745104154565
210.0739990134356,-10.715048991152615,42.530930069852126
209.53463097904057,-11.201970053172364,47.55779660890367
208.65470390246202,-12.987242683958703,42.018574637623246
216.05398587523516,-13.010241576159727,44.98618471233468
207.36565863723894,-9.207646951801422,45.37884075114684
210.9846980285506,-13.875271908074406,40.42085611907106
204.83568178252312,-13.419622954944929,48.501479195305485
211.97470130242763,-13.923573513137091,48.192940644666564
206.65033119461307,-11.449532687193365,47.65961791554146
204.53734934408484,-5.399031685016243,44.723252248840986
208.58976661409955,-6.206853098915008,42.93171625230279
205.50443880539987,-6.571902415333148,48.70099867084771
214.33904170970644,-16.990774196449117,44.04369850725443
215.81739896790015,-12.868728480530956,46.63400961041166
208.1008116223452,-6.023489731303207,40.58193188330639
210.33573461615086,-7.701495010297932,47.91420998054537
204.670403235515,-8.326690372534133,45.56483809038922
207.2302426809375,-8.45901525341121,46.62622861232768
206.49613351207873,-17.07839870564824,40.30212129614153
206.86037635321637,-11.232927115650828,46.790591079864136
215.58011272430304,-14.257749481861415,44.3666421604534
215.78938775586073,-12.933926461072506,43.86107967955952
212.0239475973376,-2.5106130261493877,38.57183522220595
200.2748175278317,-6.701651544302613,43.691847821788684
207.68070676874166,-11.572879814929232,40.7915318495544
208.66021516012808,-6.2718988909470035,47.27707299496742
211.16221992882922,-7.389831100259922,40.35318593204294
201.68442054629244,-6.337890615061482,42.363801433272
208.39449522136746,-13.004678151878611,47.59119578857168
216.26388020527605,-7.3616438456740925,41.09253619095015
215.74877276989662,-14.033367763996317,44.71379753373558
216.94736146317697,-14.827485367340552,45.63194964804984
212.05630846079467,-12.988125868978656,41.3493652164586
213.6748667785697,-13.754106197016043,42.47103055096538
212.99703752042316,-7.717562018067371,40.58155480188558
212.74601356345315,-6.63140303094697,48.232750477789864
207.21191727661525,-12.636838055528074,46.3203082586162
204.40629127169092,-3.0010516964325302,40.86905073017355
209.88065815509714,-12.983862006222271,42.63058747299787
201.4013198243805,-14.80848347612356,39.47670700813538
204.9243294919245,-7.959595752458568,44.107337864667514
207.91022543748147,-13.14536140852721,41.76046873064508
212.57492711247247,-11.997944676272764,47.29969805111948
209.41850491900752,-8.325332427636202,48.20264597310141
205.7384407121768,-10.547806071988726,48.10327282526583
199.20639979791957,-7.128221650811979,44.61954552603361
205.44478479177795,-4.324809855398526,41.915418583530744
215.69194306529104,-15.223957292975369,46.04762222311016
217.1618320551901,-12.053579582345744,47.13055738548813
208.07618597092375,-9.075873204058926,47.46000875482
215.06343517016194,-12.042476284563916,43.440997882258436
211.5180764691405,-10.882321221521938,51.993506771206334
200.6464530604547,-4.51306874005302,42.6679563564594
203.87562057248235,-14.43166122934509,41.607414077954985
203.97010547282702,-8.318782646311961,45.428970419900246
200.9549017168624,-8.24507569874165,44.803990918470205
200.87325709796667,-7.383109989901422,42.622574739805486
210.91988073798692,-12.747133118244323,50.012480662812024
214.97844902623544,-10.638017270458896,41.874794623468354
204.66479832052298,-5.923374757235418,45.77452891721202
212.79920229999504,-11.11404786838329,42.017412016843444
205.8924900610377,-11.50812991585454,49.58092945815763
202.4371301456055,-9.10330249534852,47.31618901669329
209.1942344724684,-7.0855510482898065,41.34189120708395
207.23906646120187,-10.985917661575456,43.777671592183346
202.8266327555237,-8.05540804011077,45.10935386166967
206.62795162452488,-10.321519929151512,44.248113433273495
213.57640356521648,-15.88042972448218,41.2388183893038
203.21127173321483,-8.155528494113788,44.51925439355138
200.51789349940938,-9.160925021987934,46.739935397250306
207.17592893487645,-10.09019605595257,48.24572833735608
206.3551787347888,-8.795977049209613,43.013443024568375
211.92047660673282,-16.468431337534014,45.26430420500412
210.88906829491918,-8.557610670141505,41.24746282937946
215.731699661062,-13.772312558475823,43.66729272833103
200.53086267578743,-6.066891878781294,45.68792568629895
217.21366266499513,-15.080990192951479,46.168670518959026
217.69001188152154,-14.547581779644583,41.199404102769535
199.02817364147518,-7.321610016557555,42.924116808071965
208.485804945104,-15.708333267149039,42.4895448991121
211.0932644066445,-14.95388583393516,45.440101893910295
210.5019520789708,-10.103249065575824,42.94396313861488
216.66707118566038,-13.764637141517538,45.499974128434815
209.04260556210227,-6.571221937089387,39.843364113980336
199.7357901751053,-7.575188855406005,45.47438296203585
206.31189666346887,-5.574700551181101,46.53296941499822
210.02996003502068,-8.429583124783534,41.50823559148307
204.35063224527406,-11.177520475443428,40.66746920350387
200.67806090885887,-6.267445957004791,43.27952834912804
205.23742894491107,-9.216088912804812,44.06144052719067
203.64766236726976,-9.54027414301827,44.67444845974953
214.02837853269554,-11.709600763443191,41.667992352647964
209.60684852451098,-11.34247063233604,47.974880029850375
199.59298597342968,-13.427296429518593,42.01104722174676
202.14271942339727,-11.309029415340373,49.88324486993707
206.0758775103717,-14.394882691184106,46.27848600604364
207.8759592289737,-10.966206634839116,49.04861011747034
208.2862223326958,-8.1175844825947,44.275650109954
204.65171942254236,-6.325176400085683,46.98572764250471
207.93071013907615,-9.751533718578802,49.140551458222184
208.36139206702256,-9.713384968191091,47.6060980392597
206.44765352348983,-3.80345241656601,41.35715245183102
206.7915239113986,-19.0613093875331,42.11041940628854
211.9013839529295,-18.532476321353446,43.12429477731814
202.78435158526003,-7.517400317912823,44.184739701266864
198.82700965713968,-7.698845047996092,45.72754304394689
215.1016887127508,-8.684773373929328,46.57566111547023
201.37965945910474,-12.030675142963995,45.43730289987335
213.86550183008112,-7.4321242093418025,45.323532490235465
203.21637955274707,-9.364613451690504,45.000532613277336
203.8388665132114,-5.5938807499499354,44.47945129887435
216.4081556247921,-8.46312541535925,43.27722534423791
214.5860100611757,-9.601102775889212,42.92143669565471
201.28375689138682,-10.64500731056326,51.58191045660221
206.8616854605475,-1.1432257402395372,51.71047365080505
201.38088862907566,-13.68402858360259,46.417773003191805
201.63266402133647,-5.580257388001285,41.61906721511581
207.37000337986976,-2.9234148648367504,41.71920027164075
209.33499845080127,-12.720429732211734,41.58671192211329
206.8654221901067,-16.260119077866044,52.354877095161626
214.23780003521355,-8.129237762740203,47.17417621825633
203.44335890859676,-17.2356920965303,43.78505206033148
201.81586346762197,-11.84013838327678,38.094654546153485
210.7312271175906,-14.080117179108623,44.75223317570218
216.47368157111893,-11.258698663919713,42.1839667513286
205.99043599196887,-2.9070564341200424,39.44948873002583
215.85737220089635,-12.919795825712601,47.15415725043433
205.75887504194085,-8.69571549590744,45.409603949740536
206.27181337548163,-18.137839177101345,48.28260066845949
208.535126705465,-13.095759496897955,45.06301923389572
215.5199026615826,-10.350156683573593,46.84184242482973
206.4040125290518,-14.486956985883085,49.314869684055836
204.00310512995793,-4.552023299106007,39.94247641405494
208.5957534606871,-12.01882374464693,46.22796731224963
201.90872969700732,-4.718379286765412,44.87341142700199
213.51378394723156,-8.006728471036594,41.94997770540055
208.64714148536174,-11.601547613802891,42.69574126616027
208.04531806538267,-12.462922567015855,43.69302312185272
213.5156006486365,-8.860431919860313,47.062591821798094
199.45822121107963,-6.277575928980136,45.296948527833024
205.67414054287718,-6.790735538977093,41.983053983825386
205.94306323941342,-8.044848739393139,50.899430127711504
206.40089561957052,-15.633503078902173,42.501859346685464
206.63497135590376,-7.3249269338614456,41.73505155130805
214.0907581671458,-16.085289893241352,44.284596252825104
215.83083703747573,-13.796527531273904,42.17309069207708
200.90499120428126,-5.107078660875202,48.25110352539083
201.91326882422067,-10.047970298684463,41.896707640041164
216.3525925327826,-16.347664749653962,48.85002188341475
202.91086474490487,-4.586291991035656,44.07781201266439
218.12183410555934,-10.913845188895758,46.26423119468987
216.63392319028097,-11.10310278975899,47.58640996711212
209.82169159787566,-9.327933458156728,42.65631924645503
211.6799434700677,-13.728053045865124,44.663918595658174
213.02861223040364,-13.960585478143146,41.463374660000845
207.68686563952656,-15.162771208302733,48.82215451945068
210.94249083636493,-19.11821045606043,50.52393164663945
208.70780799421507,-5.3287084619421305,41.74439909690404
210.6853017866894,-6.946314620433464,43.87940763987774
200.0373903263942,-7.447508515523597,44.59334035509409
212.31240470310388,-17.44674469337387,40.98182968670093
214.1308657954442,-9.492836357549793,52.65150769179464
201.83706376981667,-9.026511799879614,43.784775315385254
208.67258187679613,-6.2534157372029515,42.13986529057717
205.87059279327843,-10.289677094728333,42.51649895170892
205.78000007757885,-15.887920024264373,44.249426546300995
208.49116735530114,-13.70439756341211,45.61335690229389
213.25954288622106,-5.639686166701531,47.44544385812806
211.85015265415169,-8.899382911765436,45.32379028825162
211.56354633757195,-13.676994219072938,46.9256521452741
218.05757058703105,-13.34064422436834,44.17804657476715
215.5499896290112,-13.68886548579052,45.43300004941301
217.5513655157592,-11.849319143626333,44.83622731301939
205.7473268624887,-10.382107866561908,50.391094534633964
205.20638664651958,-8.54270004408741,49.31679051381859
202.37461160197842,-7.1960187679169,51.19245588249451
214.09252675816285,-6.931611122001756,43.74673808140189
209.42487063504052,-11.866171955295055,43.235274183960186
215.40771623003513,-13.847751456733057,42.40521944567828
216.7137309705583,-9.921967138486794,44.2396998104731
209.9843732190927,-8.629418441094245,41.693435081746244
204.72148201971623,-9.29134897388117,45.956862952590804
203.37700287269462,-11.892385335359965,43.52021002933988
207.99151137227804,-8.959487105366906,44.01941375111698
212.0414859747809,-15.707425815820367,41.30939721299504
203.15362690026467,-9.762331594621324,44.29127096826202
199.98517723536673,-7.654560459611796,46.71881077767795
203.34556535415868,-3.918026432105809,42.90258650710867
204.09879351702224,-8.919114882124054,44.815378594847424
216.4760681538645,-9.973373732656654,45.792647443759606
202.9038498412608,-12.900872726104838,46.36923628955504
209.51425137665606,-16.99723617629485,54.29864040579433
214.31755223874643,-17.934326215892465,45.65579582497836
210.25143425575772,-9.020121163695313,47.917685923503
200.92423281529042,-5.320085084996977,44.682178614407164
205.84293736217404,-10.634030229635815,44.78328873914256
210.11327523594377,-11.029443210992856,42.54215075239507
202.13884822134554,-7.215374804797741,42.32338000689404
198.61865864246155,-8.2451307580526,41.8766544399371
214.71129848783494,-8.527950140486386,42.62229617691187
212.42271321521525,-13.469312478639024,46.363849883984436
208.50412601367196,-11.771564114108365,42.70554192730816
211.72344197469363,-14.976220989919057,43.561669006546715
205.83279676258746,-9.565635107467715,42.26285364973413
213.68795105380485,-9.651437276219102,41.41829546503452
203.827470811384,-11.41568341446615,47.83916948038736
216.50150184260227,-13.311174438313534,41.27073774944561
213.42801813750813,-11.348743261937383,42.02664221926601
202.02177117861606,-9.908616263935487,48.873153619393776
200.7783155824686,-13.387935897492577,50.25265060469494
203.0060126587538,-6.126978835363379,47.437457639287075
214.66131975637106,-9.330391400031097,42.86477963282959
202.66859881755465,-7.052851502257267,45.144809808079934
208.06333016979767,-7.384422782077744,42.81585939694235
212.7134350554096,-9.700124423121101,42.42975807459557
213.60936367186181,-12.94660095176225,44.955146915313165
202.37467062288403,-8.757829236859939,42.09508247812403
205.49251276051626,-9.103082886298045,44.74769975216355
208.9570035458194,-14.117495381840564,43.83413467532026
214.96702113176366,-16.26145634914365,43.394257640585224
211.8719230773731,-12.751826056518961,41.422621815330444
215.14620025948813,-10.332165795747146,47.09568213701874
201.5906124559827,-9.056128163706841,45.077384245300635
205.8494310284521,-10.074077021925538,46.301075516646804
213.4533602637255,-8.6722644650843,42.070392725014415
203.21174121349543,-5.954395424022615,43.82927219585402
211.12745038886,-9.840574457806648,46.69279053670601
200.13769124642906,-9.284841731352442,43.38346633770015
211.4032236839552,-13.31536478618508,47.67398294083505
202.06698770077023,-8.757146045701466,43.2116283976323
216.4578174110372,-10.374122175721235,42.16902900816777
214.94895902300982,-11.947198221592704,42.15700381360635
217.32592706505145,-10.627936122280643,41.58489704740833
207.5928579754898,-9.673378253988155,46.29790859351805
216.0299935306165,-11.689572956781879,50.976046298821316
216.19146590786428,-16.849627678494947,46.68312147015445
216.77016213864115,-9.722338771725097,44.83081758473334
203.91307988019352,-9.934173187822624,46.54039726660231
216.85274362793123,-11.373840008985765,40.20802410203146
215.74432822500015,-12.420958947430627,47.0758070138348
210.81480182586654,-10.088938578396512,42.21879122121698
210.00162103581502,-8.155493190915351,43.278440802375215
209.26884569242935,-14.548421056814963,48.169239591164356
200.1043123582555,-5.427937821401332,48.79758572071438
206.33328350535936,-9.588623626851774,48.78571345789348
214.94718533606405,-5.485603081535807,43.931916739490624
201.23943843070145,-5.6936427046884,41.292815026011006
215.24982738935543,-14.61385778591602,46.1036643451857
206.89216401253486,-5.535182804890576,42.90908271183324
198.42755930865448,-9.972676784615238,43.8589211079149
209.12740306611533,-10.298051031385494,44.26200259891234
209.16602609482757,-6.90959925087997,46.548806799655786
199.66748562952714,-5.8041220409013965,42.094031170082594
202.7952309645812,-16.49402421408067,37.772485925256454
211.83583505952208,-9.880241791404865,44.88167439149019
211.1928841618193,-9.65365853595029,45.289170150383065
208.90300902895385,-8.083068358704788,46.39959644037153
201.86577114279223,-6.693487950917811,42.61594734225837
216.02163660742295,-11.660044425674347,41.58053693703859
212.25301803036092,-5.008631016289565,44.39216477631964
202.15800751521834,-7.854247556367619,44.64529591106717
202.85508417973583,-7.824354918075348,43.232462646716016
201.55053006032347,-11.183108125315634,48.27583544263258
204.06546516305067,-10.462652128264269,42.25250519803301
207.71216839322506,-7.317558512811395,40.958825471334954
200.46753856468294,-6.739272619316936,45.33802849888822
206.62374036362502,-11.475267154402907,44.054945995183225
205.73506282433812,-7.019487127744016,41.508710304433805
209.8507792900437,-11.330357972440021,45.98261586934147
215.800412682283,-9.022291610341675,44.108306227698236
207.4693444688891,-8.63373867747448,42.69507769569824
207.029091242318,-6.22926228359139,43.45753392495954
207.94356796019866,-5.934113476646549,47.710948176595956
211.177704585441,-8.592975806503782,45.061409163461946
201.58308205752235,-7.172920923811419,43.34587233236695
207.56753283442617,-10.910105161150094,43.55364264917509
210.68281356421238,-11.94595013136757,46.89000210866707
201.7439159358129,-3.67123566960004,41.399893349332864
205.4018530542756,-10.544006716740448,46.017806225358726
205.81208630921103,-8.168553779395982,43.158722197341575
199.86762365276917,-5.501394072705461,42.98577257068104
211.65454292993877,-10.417022388660206,43.57869465744437
207.6475336887554,-9.971131827865126,40.60000538013938
208.0892931701049,-12.088287630252172,50.03916552829591
210.93616767794452,-11.719723848724817,43.297274527526675
212.13450421997743,-12.601403513681078,48.600540732888746
214.2957965417481,-11.785787923620887,48.42829528724612
213.81709984526427,-10.775490953628033,41.87519455227486
204.93277268534234,-8.189092196986069,45.63084190809467
214.89284368823846,-11.432490600502963,45.61358364754131
210.3167605265492,-8.9034673209368,43.796949722439656
207.080759085653,-8.93763553864591,40.69259397624468
201.69365938811083,-10.45144609133127,43.2515136317329
208.87608026011637,-13.402151588331051,46.95612865768644
213.76491885793956,-15.203240247630907,42.07575222908268
204.9461365896083,-15.522101817963417,38.314592014862015
200.7008584767579,-6.730757493347832,47.09943006301283
209.73635621121795,-13.444762850599538,45.06948180894025
206.91487393306167,-8.108052699232497,42.697854001826535
202.06873139104061,-5.401502678858294,45.016004694513796
210.53633955478077,-8.333472237463527,43.599630533969055
203.0535126663531,-11.522911067765827,45.51362834587466
207.21677857723463,-10.30019884942209,49.220846695865816
216.50374372487744,-13.647702365451662,44.58457558763192
202.83056614537324,-11.541600697330397,41.60277469347053
209.07674394142836,-7.929488697702196,42.57975930985928
213.8023033348598,-13.122738747033397,46.272578485268824
216.4019243577266,-15.813315940305696,40.548683796957384
213.56295579713623,-12.974030752297582,46.929649984650574
210.64647035744778,-10.040915576567068,44.23812865901728
201.27520466936517,-10.628992266108082,48.56715932892371
211.85336444846266,-14.871584200326593,42.35258493089907
216.03019369735165,-14.736052585476596,43.89975477953984
202.47618798815944,-6.641099202346473,45.425813248913585
215.46842883763247,-12.934815725360862,50.47856350705993
206.36235728409932,-10.53671561664662,43.18269444103454
204.74423603062084,-10.47800271794005,45.965786687305645
207.46100357187964,-4.951259307816655,47.270445827643
212.88878956063442,-10.636137451290903,44.955601609246976
210.79434475693685,-8.77548912186114,44.188331814663385
217.3616176400927,-8.466157093481252,41.451112510543254
215.04097582306963,-15.780372307503379,45.72365804817987
209.41264498895296,-13.12471971884121,41.93058814875744
207.1135427097666,-11.740210788214885,43.573966044726895
201.90654028310018,-8.191498418457956,41.42308614850581
205.48660254653686,-9.625482079609423,42.194958837867844
201.38555547994218,-5.474961043543419,44.38234155103459
207.36875889089663,-13.047496655573939,39.250735717151635
200.1600412963389,-8.801657853453309,42.11014752312171
206.94111064675232,-7.8824804720916966,45.01492257977434
213.4708064274448,-10.146528321829644,41.06751230569558
207.5906454908645,-9.539065188382853,44.47423479654115
207.01214729777047,-13.338032280775932,45.45558700837671
209.67811142394325,-20.801557678169274,45.16967902929237
206.42723226808386,-11.918224053331818,40.98167341192863
211.58070307834208,-10.557924772077167,43.090668653880186
216.49876756286704,-9.865326958187817,45.67361803234914
214.14126302479846,-12.393853709772117,46.39130914375192
211.8190805772524,-15.290774342262798,53.95298629467796
198.5514930679315,-11.3411468835421,42.708567539782145
213.95854294728642,-13.12613503918432,47.35492574677243
206.38149512689932,-10.466738175765649,46.6304419836026
201.00639130435533,-8.84881065634019,45.96621359271121
202.96315219955613,-9.918359608974166,46.88458358134333
209.59218747716918,-7.075962655506391,42.24534945156172
204.39526756718365,-11.227132169568378,45.08795312659937
216.5387032681547,-14.316961907950468,38.29028718648356
198.90612239178455,-9.744175212074484,44.313193036628135
206.085202260048,-7.3648708249898505,44.455211906401956
202.63545947172528,-3.217540551324038,45.06219563654008
210.66797778970894,-11.150667539301864,46.07913539535564
205.28040213871446,-3.959247080570586,46.03812371564206
215.06581894011381,-8.74704295156116,44.5388182718778
199.44899247371714,-6.609500083682102,49.101415462843555
211.46963046577278,-9.043754916182872,42.13984179319037
208.84682886767015,-12.045224031083716,47.60678180734481
204.83225334927212,-10.753554131163435,42.68788529499671
217.8600019030913,-13.503556713429397,45.17162906932032
206.94940147954296,-7.273103842712283,48.77354703475453
200.88211699186542,-9.477625549503147,44.08870890916008
212.83586761659282,-5.314568076720511,38.9787485691946
202.82686288726066,-8.337647195841667,40.333542808731096
206.18014866202319,-1.8806059139565288,51.76097305790425
205.30024569880666,-7.239981112528281,45.863265104642714
209.81168690909212,-10.266932204535735,43.87780199881445
213.0267675360604,-13.570886271108055,44.43094966755604
199.19916412011034,-10.29028004903363,46.17390316338448
208.06902413611624,-11.87316637439521,45.37243662889857
199.73142165147178,-5.654037340005044,40.57603204272596
217.83296419161218,-13.489921429578763,44.86637810540781
204.444185131511,-8.626018410627873,43.02630882016087
202.76677986850962,-4.004213820881139,42.52110751873937
214.82005941047535,-12.047316604410454,44.773936407108586
200.921505854192,-8.213287254750469,44.48482715111899
213.5428585738706,-12.354733142033945,45.11176162318487
210.58923918519372,-10.140066356503716,48.52936567965198
207.3061808056435,-7.328260318766238,40.571515837953946
216.14190990980305,-10.247967270222656,43.02838385057923
203.41799340739675,-10.735479915138498,42.33318367455776
204.19789272868718,-6.998964893429133,43.42636269891273
205.2794487120213,-6.43510539126193,55.63046521673144
212.4814812377333,-12.717631198253603,45.18177070578172
210.13457740096496,-5.198884847277598,44.88621098591541
209.4143127489996,-8.138661048495731,51.91256859769951
214.42969467008024,-10.648249175959092,44.87117353176644
201.3846352834195,-7.302819611404894,45.06620504958999
210.7822825472285,-13.30638916825544,47.38847241586639
212.39497237030247,-9.255658834849294,44.8054920391265
216.81472383877235,-13.81802579565523,44.25259862283047
203.79334393879506,-6.40940079570751,48.97175836972604
211.2566823971699,-13.164438305782122,52.12564207482258
215.85361671585636,-9.730077259010445,43.556125743751565
214.67354270764093,-4.035304722233124,41.86142297054503
205.00295705394672,-6.728149441068144,43.6697624016782
212.74716756081835,-13.6336229481179,41.340263873139584
216.8319942789288,-14.987457548553257,49.513934632218536
201.4894096199794,-6.302961984153538,47.33835171991397
214.20848008539977,-14.3212124885922,42.88363638877885
207.69883601718954,-10.80158547920719,41.82742732320363
211.13359214207844,-8.745378131892473,47.025857643048504
199.03421162056793,-11.176524936296893,42.75699415744999
208.64107615920594,-4.153583168427028,42.1738065989454
210.84016993332702,-11.463493948654731,43.5914862089639
200.82301102945755,-4.836529527841292,40.91307560241363
204.58345681511895,-9.825378610866398,41.7251929517726
198.8190651729548,-10.458343267062261,45.04929952656993
217.07046254737398,-8.855527475011483,42.37025119029724
210.60985166863816,-4.867872474018651,44.233203642735425
203.9718590203502,-7.417275122407063,50.22316473440879
204.9731232090042,-6.100992555411267,42.50561891031063
211.7387125324733,-12.874532481971269,44.413827468612574
205.7146657241065,-7.919469495819425,45.839283711835606
216.281766891747,-16.509538972611573,45.82451348464995
209.3349217192278,-13.583571564966858,46.8946773606913
202.30305940761218,-8.789075932102545,43.583882683104484
208.4045400494777,-8.168234010320015,45.052959015084106
206.66523258769973,-12.891630838052004,44.15924869498885
213.97106665739605,-10.374384983025937,43.263193950833525
207.26793038048973,-6.674448431453676,44.544039129943265
200.06568428547166,-8.793289548849371,45.434523640609754
217.0200191019385,-6.365155158827142,39.10108621351168
206.1773720079804,-7.655459727475199,43.81017389269117
212.89173954819995,-10.389448343445158,44.25749290301786
214.29666254257387,-13.15834497799139,46.05985737611515
204.71804783757472,-8.75207355308208,45.94249861552331
206.27298459360549,-8.535842606430192,41.57963466669998
210.5812327500686,-11.114365796521067,44.88550301434081
209.5475661285863,-11.524165217254884,51.84168965988939
203.14756157659275,-3.956827837066943,41.44855729847104
207.18324682466704,-7.150737524563793,41.88823429914362
203.02276297821535,-8.566773878695605,45.25721596499644
205.5574758578628,-9.072853813616778,43.24729410195807
205.7115309632748,-13.638559434138386,43.5228218220931
203.38189999892504,-8.225567182950858,42.65127401316636
210.87593035232496,-12.599186120298215,43.561221288138704
214.82190326936075,-13.322399298775046,42.04957278526748
211.8176797005443,-13.087889854108894,43.281259028140724
210.1302100361742,-7.998707058047225,41.592571583791006
200.66217396394467,-5.880527204758716,46.50189085727981
212.94785962644212,-14.324419241736557,49.21006465981956
213.64549824222917,-15.87921970168225,43.83142709175748
199.13642306516678,-7.914894603010986,43.12959081782026
202.37199723918448,-8.384350904609779,41.8972637724348
207.92459784278478,-10.82183157600595,41.500606226247484
215.95528314696335,-12.447685166975194,43.397283195872404
200.0396933837586,-7.451334170424845,42.797139097301155
207.76355392916895,-8.732774834047527,45.34260896033755
208.23671081967885,-13.388659684955044,45.43752143919611
206.48473308913054,-8.270059077240845,54.56302495595546
199.43077017951617,-14.30780235872182,43.6763143640735
200.37457206566927,-5.460731395452523,49.8947593616799
209.02537892185774,-12.121071930320271,43.17103719007421
210.64362115227382,-15.875725012606548,45.440735635912176
211.88702842015545,-12.99572243063394,46.13846258135196
212.20027117782732,-12.502439794053764,48.07505446083518
205.07713519268827,-9.018282035222635,46.96881050811383
199.46274969893474,-9.850965574447246,47.237553011280724
205.28061093107664,-13.294857816591836,44.679048745318134
214.2510426470237,-10.879334530737198,44.975228636858
206.67611541206057,-4.989722710555286,49.41532764979805
212.96814722649793,-8.49901250404756,43.61536750366237
212.8224322731215,-10.669690822188318,46.88070721753798
216.25156116434295,-15.17096525103785,51.141484059425274
206.78087445686418,-7.320541628828323,45.86920148631803
203.8495354904507,-6.344883683069949,42.06088471743616
210.25415691905494,-10.815125758689291,41.52606518294297
213.97638092078148,-11.008415409467165,46.68781716366683
203.89105106405736,-5.437606345583018,40.191907953246975
199.18656401531996,-6.635039877159004,47.05396350189994
201.45635196719533,-5.397457558110005,45.25426637298228
211.94680493179843,-16.02994222554311,46.645896962037064
209.24080835561205,-10.857745628983341,45.74122236687345
202.38395160476617,-15.801776409505683,41.45105171915317
199.90512126879818,-5.479393567502638,44.12056838413579
215.66735069791957,-13.858486410329798,44.981357914506475
206.88976058298516,-7.537491870574421,43.92689433272668
217.40696999217107,-13.61252265762614,41.36423680313028
213.1069654534418,-11.838697946094516,41.32899623572724
199.4705131279408,-7.733455372951538,51.35823007275899
209.45544666073332,-15.100435187248353,42.35362517009895
211.1667520222182,-2.8147386810976984,36.98248351418602
207.28381062282784,-6.123023708364835,43.784136805317665
203.08186488194218,-10.092996710872391,47.175198709914135
215.3915749849644,-10.495714191367004,43.55996166399866
205.59697191567616,-12.330051781091386,46.56658485873622
211.98242832451436,-14.005381313126257,46.831558152621696
206.12082596457802,-9.951970244902224,41.7244528813538
202.77554826494438,-4.414394186355881,43.886529513466805
215.95011025924907,-10.786826805707543,43.15412701892144
212.98681354335912,-12.899187556483483,43.420417401848155
215.22977576791672,-7.589091451979943,42.68695009700265
209.54443053847706,-14.182257748959215,42.9515012297672
208.3234463587731,-8.34209901904785,43.51196461846664
212.41462721264557,-7.158594564803654,46.68597328697539
208.82553647078197,-7.671741001890886,46.87745605508134
208.93046546223673,-12.052063394799577,43.163685579209655
210.58568212278743,-10.008385204894871,45.030918472652836
209.38663752964408,-8.346919998065859,43.47268481093998
217.33272995821181,-13.27135541425894,50.17725143583951
207.91441035840896,-8.93433332779567,41.80928510285945
205.92780601474524,-12.21283988087051,42.32340797401712
204.64286019343837,-11.028470649362124,43.11939433883797
214.79502863005388,-16.826919428031957,39.81837496641848
204.57448718354624,-9.766044834148587,42.59884730677274
205.1124910266276,-9.805116246352673,46.43122439571866
213.01824840698706,-11.91826281379597,40.246307299298195
207.51181732272607,-9.262368986698396,45.282270826360794
212.92575104775497,-13.174050118874264,41.826547380068966
202.67825442491684,-10.377337208599593,39.18916802831186
207.19587095135805,-7.164708304353876,45.2388106925528
206.83277366964344,-14.625342146942057,41.72707738829058
200.21707489156537,-6.0227326676911614,42.677399241061856
216.75429311879458,-15.890809673448224,43.428732825914004
212.40074946547875,-10.42799210099417,50.11057918243591
208.33640780927547,-9.484019829013205,44.333615992085896
211.25539309860912,-12.02892203845742,47.530282466348204
202.64616350164636,-12.64175694585762,43.72082955461678
217.71088666441756,-14.273436774076103,43.83013786235775
204.3291220649652,-4.27255327910799,45.25619022993501
209.07050715033768,-9.94334345425987,46.28241099813573
211.12152474576177,-10.578543798854144,42.314569745955644
201.74924242415648,-6.498103622490999,41.30902714218406
212.2501794785724,-11.858706225778056,46.37878289948473
205.88730544287873,-7.130869217446168,42.93209771922387
202.36477971637794,-3.832535977769635,43.67786733895808
201.65289593420312,-7.823401625456718,43.264564396475
198.37422576988803,-10.018125531518853,38.9742548144815
212.5214985151499,-11.864829321559705,43.12365184790981
212.3798464174955,-13.663244515286523,42.70231415788825
211.49458417145235,-10.401235461243685,48.50309420531501
210.135664245841,-6.592023639015541,43.05146359391297
213.9752028240793,-10.689149054263194,45.555806618731744
210.9388364318966,-8.714201633058682,44.19302198655919
207.98074577817908,-11.40307107958711,41.45938158783791
212.18204146226083,-10.63772404143363,43.4557591744019
200.718267673774,-5.089871905240129,47.31768990252004
204.071417103996,-10.318668931627604,38.44122306477208
200.85618691009498,-7.236893692878789,45.597481763472125
211.05833524282085,-6.633553538691172,41.05085754151899
198.8922222820057,-7.2226412826159265,40.735813110825625
200.47866320076633,-7.1497372004003745,47.569307580090694
205.41896762026582,-9.778162994650293,48.08192403512229
215.12775906478913,-16.0349373620634,47.65258662879198
210.3535735398513,-3.220326975240457,44.64059118231928
207.52078440445615,-12.276890780056421,43.59931016071509
214.41460680915657,-11.755228282789567,45.690327211311875
206.74868562767145,-10.494811116397088,44.168221042886664
207.07736506927344,-4.127673431369683,43.366228753635426
200.91824933492424,-11.662148537985736,47.86834179728551
211.0914223369874,-11.259382288069391,42.540992105280345
212.37356730023714,-17.526550951273776,49.29374622503945
209.7742678183883,-12.462343528023004,44.25554038223401
211.83414017400372,-13.216302728677599,44.59378698060427
208.38983435608444,-8.627502814518282,42.023922237939374
209.77937242359616,-15.997632093289953,41.42801893087411
214.5254576059772,-12.852012893593107,40.02176374822348
209.50092785749413,-9.94720379579242,39.393910860516165
201.5661906735004,-7.702174053056563,46.26930898462733
210.10431953791252,-14.50636172995874,43.33615680427291
198.82739622651698,-8.158250641760125,52.58742940303703
204.20596259788368,-7.394200941348925,46.98025623723135
213.6197941682895,-16.48453030719641,45.876460935588725
206.7034413074294,-3.981320536646531,45.19576452622202
210.6524079180712,-10.384507797939856,43.38005783193544
203.6040267586382,-7.444826146081154,45.98081876239092
208.42151342006375,-14.541302736544981,46.629174673111976
215.95462187177975,-16.17777884075204,44.12084423164176
210.5661992810081,-9.985299637800377,45.52908427660591
203.10849342884555,-5.767915217019937,44.02046944149565
204.78633061771023,-1.9219841384277105,54.559703866210526
214.2446500575041,-14.868935781106897,50.015268215326444
201.2223611391993,-7.499533035757409,41.70651929746967
201.94265877094372,-8.394982876279379,45.29457195333968
211.9141943606908,-9.19476267998089,43.137626290507775
217.98125618611738,-11.321343468945152,40.33767886027015
217.07750014586006,-11.089958103748737,44.140281959399616
201.04908863754852,-6.075589818326392,46.50103364618549
207.09343288032937,-13.292814869389598,40.83637215790671
206.5144126968922,-9.208917646932164,44.76955723816026
206.88662973887423,-7.0042701817703605,46.40134114926633
209.68840820067828,-11.731876394653744,43.75507397282652
215.74182030613744,-11.497554210469291,43.13911953500486
209.22340303332206,-9.933221271253597,44.65039310993047
203.9731759909159,-6.758340224366926,43.436047959359925
207.3291078473372,-8.256499981662062,44.26698330172008
201.35200876468272,-3.6599928077819435,41.809392390717385
217.31721194221333,-13.8478060292371,42.45393148847812
209.8940197872422,-13.944347310286267,44.16144981849547
201.78229815243657,-5.248310943373319,46.43764010664469
215.7368357492676,-16.3633210398083,44.24499405485906
209.08654324060933,-8.520882103788535,45.56599589290255
212.8087625380586,-13.872135486668766,48.793312698244115
209.72826072393482,-18.113063222137544,39.46914920002224
208.0420962102411,-9.923400858981218,47.38364819776531
212.45034850931103,-10.109706259806815,45.23390524448543
201.89777213010552,-9.68963705205335,42.268033164097844
216.7621443566856,-5.86527706057531,48.62369015363909
202.1176653096883,-5.862686005431274,44.75868336724281
207.8089501810122,-6.8866978261714475,41.90098025708306
211.4567805118079,-9.7638125136497,48.075704997216455
207.3025456971005,-6.469108835323763,49.007094668964584
209.7353418330457,-6.83148925515192,46.46400549753117
212.02835202718222,-10.337607400254008,46.209128701061026
209.93218744331867,-13.938435360032592,41.690144085664656
200.22109473863912,-7.598405445443569,44.27250503314596
203.7434673945531,-2.0543775486259364,40.64196752450369
208.32874386716333,-9.707226595191047,42.0227482321911
217.49361798121902,-11.173840416122399,47.42525913210434
204.4660912488007,-8.257554871764064,45.65329986171987
214.63301608034195,-14.02133340884589,41.84660618521238
201.3133004314275,-6.058514883463368,44.61101814141629
209.5224824746371,-12.816519218515957,47.9231807294947
209.74910446847412,-9.57178343584568,46.40359446813887
216.06625550047622,-9.844352292706393,44.81488061507312
204.42252191559916,-8.14045160236737,42.64760589231294
200.3076596499194,-7.604715630153397,43.240695337052514
212.509856919565,-10.388348792085209,41.81981642057791
210.61095373153614,-9.309156583949868,45.51446693595933
201.37742137595816,-5.956369846391133,45.3100068949757
214.75204992342327,-12.149408293670035,43.43601791666056
214.40564083906156,-8.322534647308037,43.16018757693571
211.06104468303806,-15.064214128827535,40.17293959213171
217.5296877869094,-13.694256469808645,45.24212994847539
212.3727993652476,-10.551784583254504,40.291849350022545
214.84993408561522,-11.623910023928165,44.25816596883622
203.84911489330332,-6.153409363775972,45.65383924474999
209.57611976964156,-7.958714764472325,42.00355859692245
198.81841516983837,-14.590620954942207,48.12866760198452
215.46929153445757,-9.361932006958556,50.937980480285994
203.02678169235196,-7.330196506294478,44.04625336057286
215.80845189257104,-5.342908560666168,55.31128013857123
213.61825887839763,-17.340300965399976,44.37053380065048
211.51700054633795,-12.848391090449825,45.38928425103461
215.12845448593922,-14.857631901236893,42.22574014483004
216.0050245934191,-11.774391506114927,42.45876391290649
216.28214426311672,-16.083762733218265,47.36171409172272
216.8739475606984,-11.173557507209749,44.57786093859113
209.93022849757068,-13.764222891736246,47.952190136348285
216.0316967775134,-6.899478007058618,45.50490048852176
201.5832406318076,-5.481229928702228,43.53150886994485
207.76746248339114,-11.929174702476876,42.76229463214407
201.36946309277684,-8.826828501083826,42.42868451775097
213.66360267193826,-11.371256305640603,44.34100706451712
206.95853558668207,-6.4679275567444385,44.21417133516764
203.54189032384983,-10.78678147546245,48.220100342092564
207.68471752350268,-8.82400630618746,43.517666108267804
216.69015811129552,-11.980120193006146,44.484679874703886
204.8144198602393,-7.721657143784207,45.43999086927189
214.9676962874452,-13.887854492865685,45.025867667454364
215.0360870629947,-11.001966871147635,43.61572539749681
200.4945307142583,-8.728251689753295,45.23839135730938
202.19709817307913,-13.12924678980622,41.94780637912004
201.03147896825254,-7.18289663930549,42.142943643236045
213.83079811465788,-9.480940150621016,44.158249618291094
204.2616288045843,-4.8791874614694075,49.70428965455025
211.7053597150709,-12.84056878419386,44.78970078010945
210.59350974604212,-9.16460577171494,43.96388357994009
200.59122677709337,-9.88804938928238,51.143610193750675
206.54783362905107,-3.207939530852915,41.18713424301603
206.55136083909923,-17.68376022291102,38.8302631777601
207.85773752088204,-13.141011474923642,45.52909923551749
202.40365449257905,-7.271510257153123,41.05642221983914
208.45665707856895,-9.766707629166927,47.9415409888673
210.43702305328216,-14.353306931792996,48.73533688671704
206.03203033411154,-10.500058857618239,43.0627999972119
203.81115562569744,-8.481709096498273,47.26199312700908
207.27159723397656,-10.250473133177538,46.23455694938777
214.46140751555757,-11.418031727754517,40.52918536108687
215.8526960576043,-12.302268896493986,45.21532976213906
206.75072073132057,-11.41792589093001,44.090664654400896
200.33788318093568,-5.281802951431665,45.182709133084856
205.5593042310021,-10.405695028760292,44.04133316693247
205.03483423640165,-13.40336358228801,47.4028963531558
209.2381652687746,-8.142930840785793,51.60311572237841
211.96862302887504,-16.75143856462989,43.53624900176348
200.903080663717,-7.87715395171027,45.711986304172655
207.9770660996575,-10.820506807050435,41.772776249819756
216.03957884414191,-11.821062451411562,50.53057149964199
204.25761858694395,-12.971436776405847,42.17488813633798
204.34040620299285,-7.539768057248438,43.60007522709084
205.585553668096,-6.985273224482873,41.54334970104171
201.1892781668215,-12.161701936442952,48.98632471135865
211.1763300584538,-7.493534781731368,43.85975773784477
200.8877177235911,-5.598200196933817,41.226818479953664
202.50605975425637,-13.15266057625135,41.379492933710864
206.92719706904538,-14.799378067668812,47.227391787718624
205.9302465260631,-7.927525940863067,43.84902953280967
210.15331494267593,-13.39080175217775,44.265786817126816
209.92602995347826,-13.33694595336952,46.13301427080285
209.51078757013568,-19.08681211636178,44.21798186376201
204.72746141793937,-7.9239826068930554,46.06399615977647
212.8356006177578,-10.817623837571626,46.171243530771726
205.12927494348043,-9.106743255048153,42.87930969847949
205.1874270825903,-7.5831028595697125,43.234916382149876
208.7832639887012,-8.76437965914366,43.38413176092579
212.6386788968869,-11.48391662339247,42.2661064610546
213.06590535491952,-6.3169449014162,45.9165329855637
213.34526877520108,-11.72654880147734,52.10353206910541
212.80362207616042,-6.421918753879732,36.43572335859258
214.97620604396886,-9.536364803054154,45.012516276774356
209.92618080625127,-13.78583053787846,51.310063429254406
206.1020396267825,-7.7940264448480026,41.89796297096269
215.39027912451175,-14.226533404724172,40.26791060291963
204.12216020260024,-16.643615989732474,50.04346913487732
210.1118635756497,-10.696269940267335,44.048543750863665
216.4820170399506,-12.894961227382588,41.53219005193085
200.70082126991647,-6.535437250843209,47.09364774404973
207.00060936564415,-6.048465286623053,44.451953482845106
217.9444457080041,-9.69193292362306,44.386452814179236
206.24150290138493,-9.66932093032076,45.75672153431287
206.36929888197136,-2.6631651095041486,45.96569229436642
205.58705363265864,-12.498228315030994,45.97299680885186
202.7915823088366,-5.343938383414233,46.479216654394435
206.39874445001962,-5.678065599381397,43.303847836745376
206.62568230680697,-11.09111050670182,43.193209758757526
202.77152803624972,-4.210593542382477,44.78284683877955
206.49789743267516,-4.927337396805944,44.55094425496127
213.60496341890646,-15.566331859619993,42.57825309195449
207.26689116559294,-7.618790977368148,42.40534542801563
203.05816865752465,-15.440887571500346,45.488875333595544
204.70912072868637,-12.616577638092076,49.634498381653046
202.0125673954084,-10.18036793001729,51.3067570312234
216.27189490219766,-12.776115648941747,42.64340126656256
207.85799207709746,-20.79353415099426,41.31254412305398
205.9551871705317,-3.2657029128478516,43.744460100967615
214.34769503514715,-11.334576865368312,44.984883243373105
206.32383860626405,-9.362845471642169,45.15282890617184
204.71030878715897,-8.499547532767137,41.44714155007681
202.31852815978206,-8.393516023745283,46.59151399555962
203.80152205387364,-3.7042938117361266,43.6879371485886
215.78091407261428,-9.270791921887787,44.252113532610366
212.8293909711007,-9.543238142937676,42.68004912169806
211.37597107382007,-13.764455792997348,49.41909720716238
216.49525148697407,-15.177091849075886,49.41017997393932
209.48528097381174,-11.398310951540697,43.06713238544264
205.54489143111604,-5.532001627162993,46.039930392421454
200.8263064635156,-9.145751632574203,44.36051719607058
203.66013020166693,-10.170920486721618,43.66134225464233
198.70028362191925,-11.048229794923387,48.32284220866312
204.15195463590425,-7.410282745268642,44.3525024546853
207.0444203938056,-7.723727243352961,47.8164421234266
209.0092723752655,-8.61887970257803,41.23824471522763
205.5141538038497,-13.716200967722456,45.26162721091301
217.13166731970287,-10.753567734826557,45.000092831662954
202.5381569474414,-6.1550766500459915,49.447805793773156
213.90717090901921,-9.5581623080188,50.549285808805244
211.24347760865157,-6.343895214111043,50.12279935724635
202.17265971244862,-7.517864673404622,40.150756130749905
213.7495058292679,-9.650469905808075,46.00107157600214
213.88648687642623,-11.920569476791197,43.46510791541764
214.91089962824563,-15.628051090554273,44.1586387138967
207.5157633378619,-11.712860952608027,42.27062510660884
205.37144238811734,-9.849784971604617,42.26492003750245
213.84873309180523,-9.649990754197809,40.86013081357755
208.788139059593,-6.310969080770359,45.00637265325932
217.87852288034108,-11.78198816244901,44.823186312461615
214.21280216923333,-10.27994405075432,45.74153161519221
217.47775870620396,-13.561923579176552,43.44515443974567
200.22469068542412,-8.909598129159908,37.165461596137625
205.1886593441087,-13.630544378394623,42.52015064028386
213.22202379861912,-10.965116123665371,44.13054986507454
211.48518535161213,-18.020656152959134,46.82720346794984
202.21069509538282,-14.694581310736423,49.85109586655221
209.35681394304112,-6.974499207085785,44.06090492779443
209.53481889334165,-7.616532677022362,45.49753569761946
198.67388167114515,-8.243509665633027,40.99571809761133
203.66690934500747,-9.917579149351663,46.970335675208815
210.46657395761386,-12.961876424236136,45.114446096974085
203.1816323996715,-2.521811902725972,52.115497883173184
209.0034236577564,-3.5886575863490218,43.220556085944175
201.05221041692923,-9.363272934556324,45.642362495528694
210.61567096577036,-12.207477558296727,47.676946412871594
199.294998196655,-12.258471046377782,53.3427047093814
208.25985013727484,-18.235740630999683,45.1323840402436
204.8646294382244,-12.145717332032563,42.44445059699184
215.392968408558,-14.480727269311751,43.7774837053527
214.19983859436172,-15.259061887378007,43.4764430960893
204.73555569650804,-8.271263459204267,45.088255843544935
204.96924020098183,-10.531960958370172,47.76018394142945
209.92543525906652,-11.861462157946672,47.36453750497532
203.9493602718493,-9.128521813953038,41.76021262484978
211.33216372724078,-8.26173572157301,38.669405213443845
209.89249741476397,-11.40152832667902,52.31173560053093
210.50761718498967,-13.890377648327993,44.119895922461104
199.45520607457826,-11.325640640949006,48.18347338433312
211.8209271153992,-11.694161119499148,45.40912156430949
204.18798084656416,-9.102658769175623,44.47342167515791
215.84344892258255,-12.977637548918205,43.484497929520735
204.02778969861905,-11.52805620989741,50.1586673332283
214.13062241159307,-12.914436913221213,42.7326739997109
211.8156185695525,-9.301260522160646,41.966652119199395
212.72553847431703,-10.223415872262978,45.440145706163335
204.26040191195352,-4.563443432779373,46.082015995633306
208.3221292291879,-11.058658854681553,44.66524661965079
198.63017064210464,-9.525668748234478,43.90800854069701
203.43257339951649,-6.655730161183564,46.02001934126118
216.10139827036713,-15.347577192813041,45.56837320202083
209.557135435566,-9.892530106436606,53.03163597986468
205.751972644619,-5.553636530497162,50.14472485402939
201.1999340718372,-7.543410778055753,44.0205155759678
213.0730200641503,-5.8383638981794945,45.93432695363236
204.41457794608363,-9.52799962757792,48.13160341376205
201.50245160031423,-9.853564285929126,45.63276390634405
203.25918616963054,-8.089231093075528,46.005815942880695
215.02590983685116,-12.598917498060452,45.08751728084556
205.4550893885517,-8.67772407785575,44.13321809965773
214.05383227577263,-11.066111328421808,43.11495338750068
214.33296218677646,-15.906887469048353,43.27812825056898
214.36924803925734,-12.892503128846306,47.12046162628232
208.3849416105674,-11.012476707295322,45.84218339722743
203.24026504835797,-3.1733102778423152,47.97579686424861
204.3479564810795,-10.244152615346476,44.04845194910393
201.42354377932432,-4.009804960593195,48.58286812586917
210.0144914979402,-8.930265451603725,47.641370435152474
208.80565095144556,-9.565753449155112,46.2974420289135
198.80363887970788,-8.722730203285328,41.612018655381654
217.75768064010026,-10.494931794945847,47.08592756641779
